GENE:AARS	TISSUE:Cerebellum
GENE:ABCB9	TISSUE:Cerebellum
GENE:ABCG1	TISSUE:Cerebellum
GENE:ABHD17C	TISSUE:Cerebellum
GENE:ABI2	TISSUE:Cerebellum
GENE:ABLIM1	TISSUE:Cerebellum
GENE:ABLIM3	TISSUE:Cerebellum
GENE:ABTB1	TISSUE:Cerebellum
GENE:AC007743.1	TISSUE:Cerebellum
GENE:AC091878.1	TISSUE:Cerebellum
GENE:AC159540.1	TISSUE:Cerebellum
GENE:ACACB	TISSUE:Cerebellum
GENE:ACADVL	TISSUE:Cerebellum
GENE:ACBD5	TISSUE:Cerebellum
GENE:ACBD7	TISSUE:Cerebellum
GENE:ACSL3	TISSUE:Cerebellum
GENE:ACSL6	TISSUE:Cerebellum
GENE:ACTB	TISSUE:Cerebellum
GENE:ACTG1	TISSUE:Cerebellum
GENE:ACTR2	TISSUE:Cerebellum
GENE:ACVR2A	TISSUE:Cerebellum
GENE:ADAM15	TISSUE:Cerebellum
GENE:ADAM17	TISSUE:Cerebellum
GENE:ADAM22	TISSUE:Cerebellum
GENE:ADAM33	TISSUE:Cerebellum
GENE:ADAMTS4	TISSUE:Cerebellum
GENE:ADAP1	TISSUE:Cerebellum
GENE:ADAR	TISSUE:Cerebellum
GENE:ADARB1	TISSUE:Cerebellum
GENE:ADCK3	TISSUE:Cerebellum
GENE:ADCYAP1R1	TISSUE:Cerebellum
GENE:ADD1	TISSUE:Cerebellum
GENE:ADD3	TISSUE:Cerebellum
GENE:ADH4	TISSUE:Cerebellum
GENE:ADIPOQ	TISSUE:Cerebellum
GENE:AES	TISSUE:Cerebellum
GENE:AFAP1	TISSUE:Cerebellum
GENE:AFAP1L2	TISSUE:Cerebellum
GENE:AFMID	TISSUE:Cerebellum
GENE:AGAP2-AS1	TISSUE:Cerebellum
GENE:AGFG2	TISSUE:Cerebellum
GENE:AGL	TISSUE:Cerebellum
GENE:AGTPBP1	TISSUE:Cerebellum
GENE:AHCTF1	TISSUE:Cerebellum
GENE:AHCYL1	TISSUE:Cerebellum
GENE:AHCYL2	TISSUE:Cerebellum
GENE:AHI1	TISSUE:Cerebellum
GENE:AHNAK	TISSUE:Cerebellum
GENE:AHR	TISSUE:Cerebellum
GENE:AIF1L	TISSUE:Cerebellum
GENE:AIRE	TISSUE:Cerebellum
GENE:AK3	TISSUE:Cerebellum
GENE:AK4	TISSUE:Cerebellum
GENE:AKAP11	TISSUE:Cerebellum
GENE:AKAP12	TISSUE:Cerebellum
GENE:AKAP5	TISSUE:Cerebellum
GENE:AKAP9	TISSUE:Cerebellum
GENE:AKR1D1	TISSUE:Cerebellum
GENE:AKT2	TISSUE:Cerebellum
GENE:AKT3	TISSUE:Cerebellum
GENE:AKTIP	TISSUE:Cerebellum
GENE:ALDH1A1	TISSUE:Cerebellum
GENE:ALDH2	TISSUE:Cerebellum
GENE:ALDH5A1	TISSUE:Cerebellum
GENE:ALDOC	TISSUE:Cerebellum
GENE:ALG8	TISSUE:Cerebellum
GENE:ALKBH5	TISSUE:Cerebellum
GENE:ALPP	TISSUE:Cerebellum
GENE:AMD1	TISSUE:Cerebellum
GENE:AMER2	TISSUE:Cerebellum
GENE:AMY2B	TISSUE:Cerebellum
GENE:ANGPTL4	TISSUE:Cerebellum
GENE:ANK2	TISSUE:Cerebellum
GENE:ANK3	TISSUE:Cerebellum
GENE:ANKDD1A	TISSUE:Cerebellum
GENE:ANKEF1	TISSUE:Cerebellum
GENE:ANKRD12	TISSUE:Cerebellum
GENE:ANKRD20A9P	TISSUE:Cerebellum
GENE:ANKRD36	TISSUE:Cerebellum
GENE:ANKRD36B	TISSUE:Cerebellum
GENE:ANKRD40	TISSUE:Cerebellum
GENE:ANKS1A	TISSUE:Cerebellum
GENE:ANKS1B	TISSUE:Cerebellum
GENE:ANP32A	TISSUE:Cerebellum
GENE:ANP32B	TISSUE:Cerebellum
GENE:ANP32C	TISSUE:Cerebellum
GENE:ANXA2P2	TISSUE:Cerebellum
GENE:AOC4P	TISSUE:Cerebellum
GENE:AP1G2	TISSUE:Cerebellum
GENE:AP1M2	TISSUE:Cerebellum
GENE:AP2S1	TISSUE:Cerebellum
GENE:AP3B2	TISSUE:Cerebellum
GENE:AP3M1	TISSUE:Cerebellum
GENE:APBA1	TISSUE:Cerebellum
GENE:APBB2	TISSUE:Cerebellum
GENE:APLP2	TISSUE:Cerebellum
GENE:APMAP	TISSUE:Cerebellum
GENE:APOD	TISSUE:Cerebellum
GENE:APP	TISSUE:Cerebellum
GENE:APPL1	TISSUE:Cerebellum
GENE:APPL2	TISSUE:Cerebellum
GENE:APTX	TISSUE:Cerebellum
GENE:ARF4	TISSUE:Cerebellum
GENE:ARFGAP3	TISSUE:Cerebellum
GENE:ARGFX	TISSUE:Cerebellum
GENE:ARGLU1	TISSUE:Cerebellum
GENE:ARHGAP21	TISSUE:Cerebellum
GENE:ARHGAP8	TISSUE:Cerebellum
GENE:ARHGEF10L	TISSUE:Cerebellum
GENE:ARHGEF2	TISSUE:Cerebellum
GENE:ARHGEF7	TISSUE:Cerebellum
GENE:ARID4A	TISSUE:Cerebellum
GENE:ARID4B	TISSUE:Cerebellum
GENE:ARL16	TISSUE:Cerebellum
GENE:ARL17A	TISSUE:Cerebellum
GENE:ARL17B	TISSUE:Cerebellum
GENE:ARL2	TISSUE:Cerebellum
GENE:ARL5A	TISSUE:Cerebellum
GENE:ARL6IP1	TISSUE:Cerebellum
GENE:ARL8B	TISSUE:Cerebellum
GENE:ARMC10	TISSUE:Cerebellum
GENE:ARMCX3	TISSUE:Cerebellum
GENE:ARPC1A	TISSUE:Cerebellum
GENE:ARPC2	TISSUE:Cerebellum
GENE:ARPP19	TISSUE:Cerebellum
GENE:ARPP21	TISSUE:Cerebellum
GENE:ARRB1	TISSUE:Cerebellum
GENE:ARRDC3	TISSUE:Cerebellum
GENE:ASAP2	TISSUE:Cerebellum
GENE:ASB1	TISSUE:Cerebellum
GENE:ASB8	TISSUE:Cerebellum
GENE:ASL	TISSUE:Cerebellum
GENE:ASNS	TISSUE:Cerebellum
GENE:ASPH	TISSUE:Cerebellum
GENE:ASTN2	TISSUE:Cerebellum
GENE:ATAD3C	TISSUE:Cerebellum
GENE:ATF4	TISSUE:Cerebellum
GENE:ATF5	TISSUE:Cerebellum
GENE:ATG12	TISSUE:Cerebellum
GENE:ATL1	TISSUE:Cerebellum
GENE:ATP1A1	TISSUE:Cerebellum
GENE:ATP1B1	TISSUE:Cerebellum
GENE:ATP1B2	TISSUE:Cerebellum
GENE:ATP1B3	TISSUE:Cerebellum
GENE:ATP2A2	TISSUE:Cerebellum
GENE:ATP2B1	TISSUE:Cerebellum
GENE:ATP2B2	TISSUE:Cerebellum
GENE:ATP2B3	TISSUE:Cerebellum
GENE:ATP5A1	TISSUE:Cerebellum
GENE:ATP5B	TISSUE:Cerebellum
GENE:ATP5C1	TISSUE:Cerebellum
GENE:ATP5F1	TISSUE:Cerebellum
GENE:ATP5H	TISSUE:Cerebellum
GENE:ATP5I	TISSUE:Cerebellum
GENE:ATP5J	TISSUE:Cerebellum
GENE:ATP5L	TISSUE:Cerebellum
GENE:ATP5O	TISSUE:Cerebellum
GENE:ATP6AP1	TISSUE:Cerebellum
GENE:ATP6V0A1	TISSUE:Cerebellum
GENE:ATP6V0C	TISSUE:Cerebellum
GENE:ATP6V0D1	TISSUE:Cerebellum
GENE:ATP6V0E1	TISSUE:Cerebellum
GENE:ATP6V0E2	TISSUE:Cerebellum
GENE:ATP6V1A	TISSUE:Cerebellum
GENE:ATP6V1B2	TISSUE:Cerebellum
GENE:ATP6V1E1	TISSUE:Cerebellum
GENE:ATP6V1F	TISSUE:Cerebellum
GENE:ATP6V1G1	TISSUE:Cerebellum
GENE:ATP6V1G2	TISSUE:Cerebellum
GENE:ATP8B2	TISSUE:Cerebellum
GENE:ATP9A	TISSUE:Cerebellum
GENE:ATRX	TISSUE:Cerebellum
GENE:ATXN1L	TISSUE:Cerebellum
GENE:ATXN2	TISSUE:Cerebellum
GENE:ATXN7L3B	TISSUE:Cerebellum
GENE:AZFP	TISSUE:Cerebellum
GENE:B2M	TISSUE:Cerebellum
GENE:B3GNT1	TISSUE:Cerebellum
GENE:B4GALT2	TISSUE:Cerebellum
GENE:BAK1	TISSUE:Cerebellum
GENE:BASP1	TISSUE:Cerebellum
GENE:BAX	TISSUE:Cerebellum
GENE:BAZ2B	TISSUE:Cerebellum
GENE:BBS2	TISSUE:Cerebellum
GENE:BBS9	TISSUE:Cerebellum
GENE:BCAS4	TISSUE:Cerebellum
GENE:BCL2L1	TISSUE:Cerebellum
GENE:BCL2L2	TISSUE:Cerebellum
GENE:BCL6	TISSUE:Cerebellum
GENE:BCLAF1	TISSUE:Cerebellum
GENE:BCYRN1	TISSUE:Cerebellum
GENE:BEX1	TISSUE:Cerebellum
GENE:BEX2	TISSUE:Cerebellum
GENE:BICD2	TISSUE:Cerebellum
GENE:BIRC3	TISSUE:Cerebellum
GENE:BIVM	TISSUE:Cerebellum
GENE:BLMH	TISSUE:Cerebellum
GENE:BLOC1S6	TISSUE:Cerebellum
GENE:BLZF1	TISSUE:Cerebellum
GENE:BMP8B	TISSUE:Cerebellum
GENE:BMS1	TISSUE:Cerebellum
GENE:BMS1P4	TISSUE:Cerebellum
GENE:BMS1P5	TISSUE:Cerebellum
GENE:BMS1P6	TISSUE:Cerebellum
GENE:BNC1	TISSUE:Cerebellum
GENE:BPTF	TISSUE:Cerebellum
GENE:BRD2	TISSUE:Cerebellum
GENE:BRD7	TISSUE:Cerebellum
GENE:BRD9	TISSUE:Cerebellum
GENE:BRIP1	TISSUE:Cerebellum
GENE:BRPF1	TISSUE:Cerebellum
GENE:BRSK1	TISSUE:Cerebellum
GENE:BSG	TISSUE:Cerebellum
GENE:BSN	TISSUE:Cerebellum
GENE:BTBD3	TISSUE:Cerebellum
GENE:BTD	TISSUE:Cerebellum
GENE:BTG1	TISSUE:Cerebellum
GENE:BUB3	TISSUE:Cerebellum
GENE:C10orf35	TISSUE:Cerebellum
GENE:C11orf57	TISSUE:Cerebellum
GENE:C11orf63	TISSUE:Cerebellum
GENE:C12orf76	TISSUE:Cerebellum
GENE:C14orf105	TISSUE:Cerebellum
GENE:C14orf132	TISSUE:Cerebellum
GENE:C14orf2	TISSUE:Cerebellum
GENE:C16orf80	TISSUE:Cerebellum
GENE:C17orf51	TISSUE:Cerebellum
GENE:C17orf70	TISSUE:Cerebellum
GENE:C19orf12	TISSUE:Cerebellum
GENE:C19orf43	TISSUE:Cerebellum
GENE:C19orf60	TISSUE:Cerebellum
GENE:C19orf71	TISSUE:Cerebellum
GENE:C1orf140	TISSUE:Cerebellum
GENE:C1orf210	TISSUE:Cerebellum
GENE:C1orf43	TISSUE:Cerebellum
GENE:C1orf61	TISSUE:Cerebellum
GENE:C21orf58	TISSUE:Cerebellum
GENE:C2CD5	TISSUE:Cerebellum
GENE:C2orf69	TISSUE:Cerebellum
GENE:C3orf22	TISSUE:Cerebellum
GENE:C3orf70	TISSUE:Cerebellum
GENE:C4orf3	TISSUE:Cerebellum
GENE:C5orf15	TISSUE:Cerebellum
GENE:C5orf28	TISSUE:Cerebellum
GENE:C6orf106	TISSUE:Cerebellum
GENE:C6orf48	TISSUE:Cerebellum
GENE:C8orf37	TISSUE:Cerebellum
GENE:C9orf41	TISSUE:Cerebellum
GENE:C9orf78	TISSUE:Cerebellum
GENE:CA10	TISSUE:Cerebellum
GENE:CA11	TISSUE:Cerebellum
GENE:CAB39	TISSUE:Cerebellum
GENE:CACNA1A	TISSUE:Cerebellum
GENE:CACNB2	TISSUE:Cerebellum
GENE:CACYBP	TISSUE:Cerebellum
GENE:CADM1	TISSUE:Cerebellum
GENE:CADPS2	TISSUE:Cerebellum
GENE:CALD1	TISSUE:Cerebellum
GENE:CALM1	TISSUE:Cerebellum
GENE:CALM2	TISSUE:Cerebellum
GENE:CALM3	TISSUE:Cerebellum
GENE:CALML4	TISSUE:Cerebellum
GENE:CALN1	TISSUE:Cerebellum
GENE:CAMK2B	TISSUE:Cerebellum
GENE:CAMK2N1	TISSUE:Cerebellum
GENE:CAMK2N2	TISSUE:Cerebellum
GENE:CAMK4	TISSUE:Cerebellum
GENE:CAMKK2	TISSUE:Cerebellum
GENE:CAMLG	TISSUE:Cerebellum
GENE:CAMSAP2	TISSUE:Cerebellum
GENE:CAPN1	TISSUE:Cerebellum
GENE:CAPN7	TISSUE:Cerebellum
GENE:CAPRIN2	TISSUE:Cerebellum
GENE:CARKD	TISSUE:Cerebellum
GENE:CASC3	TISSUE:Cerebellum
GENE:CASP10	TISSUE:Cerebellum
GENE:CASP2	TISSUE:Cerebellum
GENE:CATSPER2	TISSUE:Cerebellum
GENE:CBLB	TISSUE:Cerebellum
GENE:CBLN1	TISSUE:Cerebellum
GENE:CBWD1	TISSUE:Cerebellum
GENE:CBWD2	TISSUE:Cerebellum
GENE:CBWD5	TISSUE:Cerebellum
GENE:CBX1	TISSUE:Cerebellum
GENE:CBX5	TISSUE:Cerebellum
GENE:CCBE1	TISSUE:Cerebellum
GENE:CCDC125	TISSUE:Cerebellum
GENE:CCDC130	TISSUE:Cerebellum
GENE:CCDC144B	TISSUE:Cerebellum
GENE:CCDC175	TISSUE:Cerebellum
GENE:CCDC28A	TISSUE:Cerebellum
GENE:CCDC47	TISSUE:Cerebellum
GENE:CCDC68	TISSUE:Cerebellum
GENE:CCDC85C	TISSUE:Cerebellum
GENE:CCNB1IP1	TISSUE:Cerebellum
GENE:CCND2	TISSUE:Cerebellum
GENE:CCND3	TISSUE:Cerebellum
GENE:CCNI	TISSUE:Cerebellum
GENE:CCNL1	TISSUE:Cerebellum
GENE:CCP110	TISSUE:Cerebellum
GENE:CCR6	TISSUE:Cerebellum
GENE:CCT6A	TISSUE:Cerebellum
GENE:CCT6P3	TISSUE:Cerebellum
GENE:CCT8	TISSUE:Cerebellum
GENE:CCZ1B	TISSUE:Cerebellum
GENE:CD47	TISSUE:Cerebellum
GENE:CD63	TISSUE:Cerebellum
GENE:CD68	TISSUE:Cerebellum
GENE:CD81	TISSUE:Cerebellum
GENE:CD84	TISSUE:Cerebellum
GENE:CD99L2	TISSUE:Cerebellum
GENE:CDAN1	TISSUE:Cerebellum
GENE:CDC16	TISSUE:Cerebellum
GENE:CDC25B	TISSUE:Cerebellum
GENE:CDC37	TISSUE:Cerebellum
GENE:CDC42BPA	TISSUE:Cerebellum
GENE:CDC42BPG	TISSUE:Cerebellum
GENE:CDC42EP4	TISSUE:Cerebellum
GENE:CDH2	TISSUE:Cerebellum
GENE:CDHR2	TISSUE:Cerebellum
GENE:CDIPT	TISSUE:Cerebellum
GENE:CDK11B	TISSUE:Cerebellum
GENE:CDK2AP1	TISSUE:Cerebellum
GENE:CDK5R1	TISSUE:Cerebellum
GENE:CDK5RAP3	TISSUE:Cerebellum
GENE:CDKN1B	TISSUE:Cerebellum
GENE:CDKN2AIP	TISSUE:Cerebellum
GENE:CDKN2AIPNL	TISSUE:Cerebellum
GENE:CDKN2C	TISSUE:Cerebellum
GENE:CDON	TISSUE:Cerebellum
GENE:CDR1	TISSUE:Cerebellum
GENE:CDR2L	TISSUE:Cerebellum
GENE:CEBPG	TISSUE:Cerebellum
GENE:CEBPZ	TISSUE:Cerebellum
GENE:CELF1	TISSUE:Cerebellum
GENE:CELF2	TISSUE:Cerebellum
GENE:CELF4	TISSUE:Cerebellum
GENE:CENPV	TISSUE:Cerebellum
GENE:CEP170	TISSUE:Cerebellum
GENE:CEP19	TISSUE:Cerebellum
GENE:CEP350	TISSUE:Cerebellum
GENE:CEP95	TISSUE:Cerebellum
GENE:CERK	TISSUE:Cerebellum
GENE:CERKL	TISSUE:Cerebellum
GENE:CERS1	TISSUE:Cerebellum
GENE:CERS5	TISSUE:Cerebellum
GENE:CFLAR	TISSUE:Cerebellum
GENE:CGGBP1	TISSUE:Cerebellum
GENE:CHCHD2	TISSUE:Cerebellum
GENE:CHD2	TISSUE:Cerebellum
GENE:CHD7	TISSUE:Cerebellum
GENE:CHGB	TISSUE:Cerebellum
GENE:CHMP2A	TISSUE:Cerebellum
GENE:CHMP5	TISSUE:Cerebellum
GENE:CHN2	TISSUE:Cerebellum
GENE:CHRM2	TISSUE:Cerebellum
GENE:CHRNA5	TISSUE:Cerebellum
GENE:CHSY1	TISSUE:Cerebellum
GENE:CHTF8	TISSUE:Cerebellum
GENE:CHTOP	TISSUE:Cerebellum
GENE:CIAO1	TISSUE:Cerebellum
GENE:CIPC	TISSUE:Cerebellum
GENE:CIR1	TISSUE:Cerebellum
GENE:CIRBP	TISSUE:Cerebellum
GENE:CISD1	TISSUE:Cerebellum
GENE:CKB	TISSUE:Cerebellum
GENE:CLASP2	TISSUE:Cerebellum
GENE:CLDN14	TISSUE:Cerebellum
GENE:CLEC2D	TISSUE:Cerebellum
GENE:CLIP3	TISSUE:Cerebellum
GENE:CLK1	TISSUE:Cerebellum
GENE:CLSTN1	TISSUE:Cerebellum
GENE:CLTA	TISSUE:Cerebellum
GENE:CLU	TISSUE:Cerebellum
GENE:CLUAP1	TISSUE:Cerebellum
GENE:CLVS2	TISSUE:Cerebellum
GENE:CMAS	TISSUE:Cerebellum
GENE:CMC2	TISSUE:Cerebellum
GENE:CMIP	TISSUE:Cerebellum
GENE:CMSS1	TISSUE:Cerebellum
GENE:CMTM3	TISSUE:Cerebellum
GENE:CNBP	TISSUE:Cerebellum
GENE:CNDP2	TISSUE:Cerebellum
GENE:CNGB1	TISSUE:Cerebellum
GENE:CNKSR2	TISSUE:Cerebellum
GENE:CNN3	TISSUE:Cerebellum
GENE:CNNM2	TISSUE:Cerebellum
GENE:CNNM3	TISSUE:Cerebellum
GENE:CNOT11	TISSUE:Cerebellum
GENE:CNOT2	TISSUE:Cerebellum
GENE:CNRIP1	TISSUE:Cerebellum
GENE:CNTN1	TISSUE:Cerebellum
GENE:COA3	TISSUE:Cerebellum
GENE:COIL	TISSUE:Cerebellum
GENE:COPB2	TISSUE:Cerebellum
GENE:COPRS	TISSUE:Cerebellum
GENE:CORO1C	TISSUE:Cerebellum
GENE:COX15	TISSUE:Cerebellum
GENE:COX19	TISSUE:Cerebellum
GENE:COX20	TISSUE:Cerebellum
GENE:COX4I1	TISSUE:Cerebellum
GENE:COX5A	TISSUE:Cerebellum
GENE:COX6A1	TISSUE:Cerebellum
GENE:COX6C	TISSUE:Cerebellum
GENE:COX7A2L	TISSUE:Cerebellum
GENE:COX7C	TISSUE:Cerebellum
GENE:CPE	TISSUE:Cerebellum
GENE:CPEB2	TISSUE:Cerebellum
GENE:CPEB3	TISSUE:Cerebellum
GENE:CPM	TISSUE:Cerebellum
GENE:CPSF2	TISSUE:Cerebellum
GENE:CPSF4	TISSUE:Cerebellum
GENE:CRCP	TISSUE:Cerebellum
GENE:CREB1	TISSUE:Cerebellum
GENE:CREBBP	TISSUE:Cerebellum
GENE:CRHR1-IT1	TISSUE:Cerebellum
GENE:CRIM1	TISSUE:Cerebellum
GENE:CRKL	TISSUE:Cerebellum
GENE:CRLF3	TISSUE:Cerebellum
GENE:CRNKL1	TISSUE:Cerebellum
GENE:CROCCP2	TISSUE:Cerebellum
GENE:CROT	TISSUE:Cerebellum
GENE:CRYAB	TISSUE:Cerebellum
GENE:CRYM	TISSUE:Cerebellum
GENE:CS	TISSUE:Cerebellum
GENE:CSDE1	TISSUE:Cerebellum
GENE:CSF2RA	TISSUE:Cerebellum
GENE:CSNK1A1	TISSUE:Cerebellum
GENE:CSNK1G2	TISSUE:Cerebellum
GENE:CSNK2B	TISSUE:Cerebellum
GENE:CSRP1	TISSUE:Cerebellum
GENE:CST3	TISSUE:Cerebellum
GENE:CSTB	TISSUE:Cerebellum
GENE:CSTF3	TISSUE:Cerebellum
GENE:CTBP1	TISSUE:Cerebellum
GENE:CTBP2	TISSUE:Cerebellum
GENE:CTDSPL	TISSUE:Cerebellum
GENE:CTGF	TISSUE:Cerebellum
GENE:CTNNA1	TISSUE:Cerebellum
GENE:CTNNB1	TISSUE:Cerebellum
GENE:CTSB	TISSUE:Cerebellum
GENE:CTSL	TISSUE:Cerebellum
GENE:CTTN	TISSUE:Cerebellum
GENE:CUL4A	TISSUE:Cerebellum
GENE:CUTA	TISSUE:Cerebellum
GENE:CUX1	TISSUE:Cerebellum
GENE:CWC15	TISSUE:Cerebellum
GENE:CWC22	TISSUE:Cerebellum
GENE:CXXC1	TISSUE:Cerebellum
GENE:CXXC5	TISSUE:Cerebellum
GENE:CYCS	TISSUE:Cerebellum
GENE:CYCSP52	TISSUE:Cerebellum
GENE:CYFIP2	TISSUE:Cerebellum
GENE:CYLC2	TISSUE:Cerebellum
GENE:CYP2B6	TISSUE:Cerebellum
GENE:CYP4F30P	TISSUE:Cerebellum
GENE:DAAM1	TISSUE:Cerebellum
GENE:DAB2IP	TISSUE:Cerebellum
GENE:DAPP1	TISSUE:Cerebellum
GENE:DAZAP2	TISSUE:Cerebellum
GENE:DBI	TISSUE:Cerebellum
GENE:DCAF11	TISSUE:Cerebellum
GENE:DCAF8	TISSUE:Cerebellum
GENE:DCAKD	TISSUE:Cerebellum
GENE:DCBLD2	TISSUE:Cerebellum
GENE:DCLRE1C	TISSUE:Cerebellum
GENE:DCTN2	TISSUE:Cerebellum
GENE:DCTN5	TISSUE:Cerebellum
GENE:DCTN6	TISSUE:Cerebellum
GENE:DCUN1D5	TISSUE:Cerebellum
GENE:DDB1	TISSUE:Cerebellum
GENE:DDHD1	TISSUE:Cerebellum
GENE:DDIT4	TISSUE:Cerebellum
GENE:DDX1	TISSUE:Cerebellum
GENE:DDX17	TISSUE:Cerebellum
GENE:DDX19A	TISSUE:Cerebellum
GENE:DDX24	TISSUE:Cerebellum
GENE:DDX27	TISSUE:Cerebellum
GENE:DDX3X	TISSUE:Cerebellum
GENE:DDX5	TISSUE:Cerebellum
GENE:DDX51	TISSUE:Cerebellum
GENE:DDX6	TISSUE:Cerebellum
GENE:DECR1	TISSUE:Cerebellum
GENE:DEFB108B	TISSUE:Cerebellum
GENE:DENND4B	TISSUE:Cerebellum
GENE:DENND5A	TISSUE:Cerebellum
GENE:DENR	TISSUE:Cerebellum
GENE:DEXI	TISSUE:Cerebellum
GENE:DGAT2	TISSUE:Cerebellum
GENE:DGCR5	TISSUE:Cerebellum
GENE:DGKD	TISSUE:Cerebellum
GENE:DHDDS	TISSUE:Cerebellum
GENE:DHFR	TISSUE:Cerebellum
GENE:DHFRL1	TISSUE:Cerebellum
GENE:DHRS13	TISSUE:Cerebellum
GENE:DHX9	TISSUE:Cerebellum
GENE:DIABLO	TISSUE:Cerebellum
GENE:DIAPH1	TISSUE:Cerebellum
GENE:DICER1	TISSUE:Cerebellum
GENE:DIMT1	TISSUE:Cerebellum
GENE:DIP2A	TISSUE:Cerebellum
GENE:DIP2B	TISSUE:Cerebellum
GENE:DIRAS2	TISSUE:Cerebellum
GENE:DIS3L	TISSUE:Cerebellum
GENE:DKK3	TISSUE:Cerebellum
GENE:DLEU2	TISSUE:Cerebellum
GENE:DMAP1	TISSUE:Cerebellum
GENE:DMC1	TISSUE:Cerebellum
GENE:DNAJA1	TISSUE:Cerebellum
GENE:DNAJA2	TISSUE:Cerebellum
GENE:DNAJB14	TISSUE:Cerebellum
GENE:DNAJB2	TISSUE:Cerebellum
GENE:DNAJB6	TISSUE:Cerebellum
GENE:DNAJC3-AS1	TISSUE:Cerebellum
GENE:DNER	TISSUE:Cerebellum
GENE:DNM3	TISSUE:Cerebellum
GENE:DOPEY2	TISSUE:Cerebellum
GENE:DPH3P1	TISSUE:Cerebellum
GENE:DPP7	TISSUE:Cerebellum
GENE:DPY19L2P2	TISSUE:Cerebellum
GENE:DPYSL2	TISSUE:Cerebellum
GENE:DPYSL3	TISSUE:Cerebellum
GENE:DROSHA	TISSUE:Cerebellum
GENE:DSCR8	TISSUE:Cerebellum
GENE:DTNA	TISSUE:Cerebellum
GENE:DTWD2	TISSUE:Cerebellum
GENE:DUSP19	TISSUE:Cerebellum
GENE:DUSP26	TISSUE:Cerebellum
GENE:DUSP3	TISSUE:Cerebellum
GENE:DUSP8	TISSUE:Cerebellum
GENE:DYNC1I2	TISSUE:Cerebellum
GENE:DYNC1LI2	TISSUE:Cerebellum
GENE:DYNLL2	TISSUE:Cerebellum
GENE:DYNLRB1	TISSUE:Cerebellum
GENE:DZIP1L	TISSUE:Cerebellum
GENE:EAPP	TISSUE:Cerebellum
GENE:ECE2	TISSUE:Cerebellum
GENE:EDF1	TISSUE:Cerebellum
GENE:EEF1A1	TISSUE:Cerebellum
GENE:EEF1B2	TISSUE:Cerebellum
GENE:EEF1D	TISSUE:Cerebellum
GENE:EEF1G	TISSUE:Cerebellum
GENE:EEF2	TISSUE:Cerebellum
GENE:EEF2K	TISSUE:Cerebellum
GENE:EFR3A	TISSUE:Cerebellum
GENE:EGFEM1P	TISSUE:Cerebellum
GENE:EHD1	TISSUE:Cerebellum
GENE:EID2B	TISSUE:Cerebellum
GENE:EIF1	TISSUE:Cerebellum
GENE:EIF2A	TISSUE:Cerebellum
GENE:EIF2AK4	TISSUE:Cerebellum
GENE:EIF2B5	TISSUE:Cerebellum
GENE:EIF2S3	TISSUE:Cerebellum
GENE:EIF3B	TISSUE:Cerebellum
GENE:EIF3E	TISSUE:Cerebellum
GENE:EIF3F	TISSUE:Cerebellum
GENE:EIF3H	TISSUE:Cerebellum
GENE:EIF3I	TISSUE:Cerebellum
GENE:EIF3L	TISSUE:Cerebellum
GENE:EIF4A2	TISSUE:Cerebellum
GENE:EIF4B	TISSUE:Cerebellum
GENE:EIF4E	TISSUE:Cerebellum
GENE:EIF4EBP2	TISSUE:Cerebellum
GENE:EIF4G2	TISSUE:Cerebellum
GENE:EIF4G3	TISSUE:Cerebellum
GENE:EIF4H	TISSUE:Cerebellum
GENE:ELK1	TISSUE:Cerebellum
GENE:ELK4	TISSUE:Cerebellum
GENE:ELMOD1	TISSUE:Cerebellum
GENE:ELOVL2-AS1	TISSUE:Cerebellum
GENE:EMC4	TISSUE:Cerebellum
GENE:EMX2OS	TISSUE:Cerebellum
GENE:ENHO	TISSUE:Cerebellum
GENE:ENO1	TISSUE:Cerebellum
GENE:ENO2	TISSUE:Cerebellum
GENE:ENTPD3	TISSUE:Cerebellum
GENE:EPB41L2	TISSUE:Cerebellum
GENE:EPB41L4A	TISSUE:Cerebellum
GENE:EPDR1	TISSUE:Cerebellum
GENE:EPHA3	TISSUE:Cerebellum
GENE:EPM2AIP1	TISSUE:Cerebellum
GENE:EPN1	TISSUE:Cerebellum
GENE:EPS15	TISSUE:Cerebellum
GENE:ERAP2	TISSUE:Cerebellum
GENE:ERC1	TISSUE:Cerebellum
GENE:ERGIC1	TISSUE:Cerebellum
GENE:ERP29	TISSUE:Cerebellum
GENE:ESYT2	TISSUE:Cerebellum
GENE:ETF1	TISSUE:Cerebellum
GENE:ETV1	TISSUE:Cerebellum
GENE:EVI5	TISSUE:Cerebellum
GENE:EVL	TISSUE:Cerebellum
GENE:EWSR1	TISSUE:Cerebellum
GENE:EXO5	TISSUE:Cerebellum
GENE:EXOC7	TISSUE:Cerebellum
GENE:EXOG	TISSUE:Cerebellum
GENE:F11R	TISSUE:Cerebellum
GENE:F2R	TISSUE:Cerebellum
GENE:FAHD2B	TISSUE:Cerebellum
GENE:FAIM2	TISSUE:Cerebellum
GENE:FAM103A1	TISSUE:Cerebellum
GENE:FAM107A	TISSUE:Cerebellum
GENE:FAM120A	TISSUE:Cerebellum
GENE:FAM126B	TISSUE:Cerebellum
GENE:FAM131A	TISSUE:Cerebellum
GENE:FAM133B	TISSUE:Cerebellum
GENE:FAM13B	TISSUE:Cerebellum
GENE:FAM174A	TISSUE:Cerebellum
GENE:FAM175A	TISSUE:Cerebellum
GENE:FAM177A1	TISSUE:Cerebellum
GENE:FAM178A	TISSUE:Cerebellum
GENE:FAM184A	TISSUE:Cerebellum
GENE:FAM200A	TISSUE:Cerebellum
GENE:FAM213A	TISSUE:Cerebellum
GENE:FAM229B	TISSUE:Cerebellum
GENE:FAM27E4	TISSUE:Cerebellum
GENE:FAM53C	TISSUE:Cerebellum
GENE:FAM63A	TISSUE:Cerebellum
GENE:FAM73A	TISSUE:Cerebellum
GENE:FAM76A	TISSUE:Cerebellum
GENE:FAM98A	TISSUE:Cerebellum
GENE:FAN1	TISSUE:Cerebellum
GENE:FANCA	TISSUE:Cerebellum
GENE:FASN	TISSUE:Cerebellum
GENE:FASTK	TISSUE:Cerebellum
GENE:FAU	TISSUE:Cerebellum
GENE:FBXL16	TISSUE:Cerebellum
GENE:FBXO11	TISSUE:Cerebellum
GENE:FBXO21	TISSUE:Cerebellum
GENE:FBXO31	TISSUE:Cerebellum
GENE:FBXO9	TISSUE:Cerebellum
GENE:FBXW11	TISSUE:Cerebellum
GENE:FBXW7	TISSUE:Cerebellum
GENE:FCAR	TISSUE:Cerebellum
GENE:FCF1	TISSUE:Cerebellum
GENE:FDPS	TISSUE:Cerebellum
GENE:FDXACB1	TISSUE:Cerebellum
GENE:FEM1A	TISSUE:Cerebellum
GENE:FEM1C	TISSUE:Cerebellum
GENE:FEZ2	TISSUE:Cerebellum
GENE:FGD2	TISSUE:Cerebellum
GENE:FGD5P1	TISSUE:Cerebellum
GENE:FGF1	TISSUE:Cerebellum
GENE:FGF14-AS2	TISSUE:Cerebellum
GENE:FGF9	TISSUE:Cerebellum
GENE:FGFR1OP2	TISSUE:Cerebellum
GENE:FGFR3	TISSUE:Cerebellum
GENE:FHL1	TISSUE:Cerebellum
GENE:FHL2	TISSUE:Cerebellum
GENE:FIRRE	TISSUE:Cerebellum
GENE:FKBP14	TISSUE:Cerebellum
GENE:FKBP1A	TISSUE:Cerebellum
GENE:FKBP3	TISSUE:Cerebellum
GENE:FKBP5	TISSUE:Cerebellum
GENE:FKBP9	TISSUE:Cerebellum
GENE:FKTN	TISSUE:Cerebellum
GENE:FLJ20518	TISSUE:Cerebellum
GENE:FLJ31306	TISSUE:Cerebellum
GENE:FLJ32790	TISSUE:Cerebellum
GENE:FLJ41423	TISSUE:Cerebellum
GENE:FLJ43315	TISSUE:Cerebellum
GENE:FLJ43681	TISSUE:Cerebellum
GENE:FLJ45256	TISSUE:Cerebellum
GENE:FLNB	TISSUE:Cerebellum
GENE:FLOT1	TISSUE:Cerebellum
GENE:FLVCR1-AS1	TISSUE:Cerebellum
GENE:FNBP1	TISSUE:Cerebellum
GENE:FNIP2	TISSUE:Cerebellum
GENE:FOLR1	TISSUE:Cerebellum
GENE:FOXK1	TISSUE:Cerebellum
GENE:FOXK2	TISSUE:Cerebellum
GENE:FOXN2	TISSUE:Cerebellum
GENE:FOXN3	TISSUE:Cerebellum
GENE:FOXO3	TISSUE:Cerebellum
GENE:FRA10AC1	TISSUE:Cerebellum
GENE:FRG1	TISSUE:Cerebellum
GENE:FRMD6-AS1	TISSUE:Cerebellum
GENE:FRMD8	TISSUE:Cerebellum
GENE:FRRS1L	TISSUE:Cerebellum
GENE:FTH1	TISSUE:Cerebellum
GENE:FTH1P3	TISSUE:Cerebellum
GENE:FTL	TISSUE:Cerebellum
GENE:FUBP1	TISSUE:Cerebellum
GENE:FUBP3	TISSUE:Cerebellum
GENE:FXR1	TISSUE:Cerebellum
GENE:GABARAPL1	TISSUE:Cerebellum
GENE:GABARAPL2	TISSUE:Cerebellum
GENE:GABBR1	TISSUE:Cerebellum
GENE:GABBR2	TISSUE:Cerebellum
GENE:GAGE1	TISSUE:Cerebellum
GENE:GALNT11	TISSUE:Cerebellum
GENE:GALNT9	TISSUE:Cerebellum
GENE:GAPDH	TISSUE:Cerebellum
GENE:GART	TISSUE:Cerebellum
GENE:GAS7	TISSUE:Cerebellum
GENE:GATAD2A	TISSUE:Cerebellum
GENE:GATAD2B	TISSUE:Cerebellum
GENE:GCA	TISSUE:Cerebellum
GENE:GCC1	TISSUE:Cerebellum
GENE:GCN1L1	TISSUE:Cerebellum
GENE:GCSAML	TISSUE:Cerebellum
GENE:GCSH	TISSUE:Cerebellum
GENE:GDAP1	TISSUE:Cerebellum
GENE:GDF11	TISSUE:Cerebellum
GENE:GDI1	TISSUE:Cerebellum
GENE:GDI2	TISSUE:Cerebellum
GENE:GDPD1	TISSUE:Cerebellum
GENE:GFAP	TISSUE:Cerebellum
GENE:GFOD1	TISSUE:Cerebellum
GENE:GFOD2	TISSUE:Cerebellum
GENE:GGA1	TISSUE:Cerebellum
GENE:GHITM	TISSUE:Cerebellum
GENE:GID8	TISSUE:Cerebellum
GENE:GIT2	TISSUE:Cerebellum
GENE:GJA1	TISSUE:Cerebellum
GENE:GJB7	TISSUE:Cerebellum
GENE:GJC1	TISSUE:Cerebellum
GENE:GLE1	TISSUE:Cerebellum
GENE:GLRX	TISSUE:Cerebellum
GENE:GLTSCR1L	TISSUE:Cerebellum
GENE:GLTSCR2	TISSUE:Cerebellum
GENE:GMCL1	TISSUE:Cerebellum
GENE:GMFB	TISSUE:Cerebellum
GENE:GMPS	TISSUE:Cerebellum
GENE:GNAI1	TISSUE:Cerebellum
GENE:GNAO1	TISSUE:Cerebellum
GENE:GNAS	TISSUE:Cerebellum
GENE:GNB1	TISSUE:Cerebellum
GENE:GNB2L1	TISSUE:Cerebellum
GENE:GNB4	TISSUE:Cerebellum
GENE:GNG3	TISSUE:Cerebellum
GENE:GNL3L	TISSUE:Cerebellum
GENE:GNPNAT1	TISSUE:Cerebellum
GENE:GNPTAB	TISSUE:Cerebellum
GENE:GNPTG	TISSUE:Cerebellum
GENE:GOLGA2	TISSUE:Cerebellum
GENE:GOLGA3	TISSUE:Cerebellum
GENE:GOLGA6L1	TISSUE:Cerebellum
GENE:GOLGA6L2	TISSUE:Cerebellum
GENE:GOLGA6L6	TISSUE:Cerebellum
GENE:GOLGA8B	TISSUE:Cerebellum
GENE:GOLGA8CP	TISSUE:Cerebellum
GENE:GOLGA8I	TISSUE:Cerebellum
GENE:GOLGA8T	TISSUE:Cerebellum
GENE:GOLIM4	TISSUE:Cerebellum
GENE:GOLM1	TISSUE:Cerebellum
GENE:GOLPH3	TISSUE:Cerebellum
GENE:GOT1	TISSUE:Cerebellum
GENE:GPALPP1	TISSUE:Cerebellum
GENE:GPBP1	TISSUE:Cerebellum
GENE:GPBP1L1	TISSUE:Cerebellum
GENE:GPHN	TISSUE:Cerebellum
GENE:GPM6A	TISSUE:Cerebellum
GENE:GPM6B	TISSUE:Cerebellum
GENE:GPR1	TISSUE:Cerebellum
GENE:GPR158	TISSUE:Cerebellum
GENE:GPR162	TISSUE:Cerebellum
GENE:GPR89B	TISSUE:Cerebellum
GENE:GPRC5B	TISSUE:Cerebellum
GENE:GPRC5C	TISSUE:Cerebellum
GENE:GPT2	TISSUE:Cerebellum
GENE:GPX8	TISSUE:Cerebellum
GENE:GRIA2	TISSUE:Cerebellum
GENE:GRIK2	TISSUE:Cerebellum
GENE:GRIN2A	TISSUE:Cerebellum
GENE:GRIN2C	TISSUE:Cerebellum
GENE:GRIPAP1	TISSUE:Cerebellum
GENE:GRM3	TISSUE:Cerebellum
GENE:GRM4	TISSUE:Cerebellum
GENE:GSDMA	TISSUE:Cerebellum
GENE:GSDMB	TISSUE:Cerebellum
GENE:GSG1	TISSUE:Cerebellum
GENE:GSPT1	TISSUE:Cerebellum
GENE:GSR	TISSUE:Cerebellum
GENE:GSTM4	TISSUE:Cerebellum
GENE:GSTO1	TISSUE:Cerebellum
GENE:GSTP1	TISSUE:Cerebellum
GENE:GSTTP2	TISSUE:Cerebellum
GENE:GTF2A1	TISSUE:Cerebellum
GENE:GTF2H2D	TISSUE:Cerebellum
GENE:GTF2H5	TISSUE:Cerebellum
GENE:GTF2I	TISSUE:Cerebellum
GENE:GTF2IRD2B	TISSUE:Cerebellum
GENE:GTF2IRD2P1	TISSUE:Cerebellum
GENE:GTF3A	TISSUE:Cerebellum
GENE:GTPBP10	TISSUE:Cerebellum
GENE:GTPBP6	TISSUE:Cerebellum
GENE:GYG2	TISSUE:Cerebellum
GENE:H1F0	TISSUE:Cerebellum
GENE:H2AFV	TISSUE:Cerebellum
GENE:H2AFY	TISSUE:Cerebellum
GENE:H2AFY2	TISSUE:Cerebellum
GENE:H2AFZ	TISSUE:Cerebellum
GENE:H3F3B	TISSUE:Cerebellum
GENE:H3F3C	TISSUE:Cerebellum
GENE:H6PD	TISSUE:Cerebellum
GENE:HACE1	TISSUE:Cerebellum
GENE:HARS2	TISSUE:Cerebellum
GENE:HAUS2	TISSUE:Cerebellum
GENE:HAX1	TISSUE:Cerebellum
GENE:HBA2	TISSUE:Cerebellum
GENE:HBB	TISSUE:Cerebellum
GENE:HCFC1	TISSUE:Cerebellum
GENE:HDDC2	TISSUE:Cerebellum
GENE:HDHD2	TISSUE:Cerebellum
GENE:HECA	TISSUE:Cerebellum
GENE:HECTD1	TISSUE:Cerebellum
GENE:HIATL2	TISSUE:Cerebellum
GENE:HIGD1A	TISSUE:Cerebellum
GENE:HILPDA	TISSUE:Cerebellum
GENE:HINFP	TISSUE:Cerebellum
GENE:HINT3	TISSUE:Cerebellum
GENE:HIPK2	TISSUE:Cerebellum
GENE:HIRA	TISSUE:Cerebellum
GENE:HIST1H4C	TISSUE:Cerebellum
GENE:HIST1H4E	TISSUE:Cerebellum
GENE:HIST1H4H	TISSUE:Cerebellum
GENE:HIVEP2	TISSUE:Cerebellum
GENE:HK1	TISSUE:Cerebellum
GENE:HLA-A	TISSUE:Cerebellum
GENE:HLA-H	TISSUE:Cerebellum
GENE:HLTF	TISSUE:Cerebellum
GENE:HMGB1	TISSUE:Cerebellum
GENE:HMGN1	TISSUE:Cerebellum
GENE:HMGN2	TISSUE:Cerebellum
GENE:HNRNPA0	TISSUE:Cerebellum
GENE:HNRNPA1	TISSUE:Cerebellum
GENE:HNRNPA1L2	TISSUE:Cerebellum
GENE:HNRNPA1P10	TISSUE:Cerebellum
GENE:HNRNPA1P33	TISSUE:Cerebellum
GENE:HNRNPA2B1	TISSUE:Cerebellum
GENE:HNRNPA3	TISSUE:Cerebellum
GENE:HNRNPC	TISSUE:Cerebellum
GENE:HNRNPCP5	TISSUE:Cerebellum
GENE:HNRNPD	TISSUE:Cerebellum
GENE:HNRNPDL	TISSUE:Cerebellum
GENE:HNRNPH1	TISSUE:Cerebellum
GENE:HNRNPH3	TISSUE:Cerebellum
GENE:HNRNPK	TISSUE:Cerebellum
GENE:HNRNPKP3	TISSUE:Cerebellum
GENE:HNRNPM	TISSUE:Cerebellum
GENE:HNRNPR	TISSUE:Cerebellum
GENE:HNRNPU	TISSUE:Cerebellum
GENE:HNRNPUL1	TISSUE:Cerebellum
GENE:HNRNPUL2	TISSUE:Cerebellum
GENE:HP1BP3	TISSUE:Cerebellum
GENE:HPCAL1	TISSUE:Cerebellum
GENE:HPCAL4	TISSUE:Cerebellum
GENE:HRH4	TISSUE:Cerebellum
GENE:HSCB	TISSUE:Cerebellum
GENE:HSD17B4	TISSUE:Cerebellum
GENE:HSD17B7	TISSUE:Cerebellum
GENE:HSP90AA1	TISSUE:Cerebellum
GENE:HSP90AA6P	TISSUE:Cerebellum
GENE:HSP90AB1	TISSUE:Cerebellum
GENE:HSP90AB3P	TISSUE:Cerebellum
GENE:HSP90B1	TISSUE:Cerebellum
GENE:HSP90B3P	TISSUE:Cerebellum
GENE:HSPA13	TISSUE:Cerebellum
GENE:HSPA1A	TISSUE:Cerebellum
GENE:HSPA1B	TISSUE:Cerebellum
GENE:HSPA8	TISSUE:Cerebellum
GENE:HSPD1	TISSUE:Cerebellum
GENE:HTATSF1	TISSUE:Cerebellum
GENE:HTATSF1P2	TISSUE:Cerebellum
GENE:IDH3A	TISSUE:Cerebellum
GENE:IDH3B	TISSUE:Cerebellum
GENE:IDS	TISSUE:Cerebellum
GENE:IFFO1	TISSUE:Cerebellum
GENE:IFI6	TISSUE:Cerebellum
GENE:IFIT1	TISSUE:Cerebellum
GENE:IGFL3	TISSUE:Cerebellum
GENE:IK	TISSUE:Cerebellum
GENE:IL10	TISSUE:Cerebellum
GENE:IL11RA	TISSUE:Cerebellum
GENE:IL17D	TISSUE:Cerebellum
GENE:IL17RD	TISSUE:Cerebellum
GENE:IL18	TISSUE:Cerebellum
GENE:IL21R	TISSUE:Cerebellum
GENE:IL6ST	TISSUE:Cerebellum
GENE:ILKAP	TISSUE:Cerebellum
GENE:IMP3	TISSUE:Cerebellum
GENE:IMPACT	TISSUE:Cerebellum
GENE:IMPAD1	TISSUE:Cerebellum
GENE:ING4	TISSUE:Cerebellum
GENE:ING5	TISSUE:Cerebellum
GENE:INIP	TISSUE:Cerebellum
GENE:INO80D	TISSUE:Cerebellum
GENE:INSIG2	TISSUE:Cerebellum
GENE:IP6K1	TISSUE:Cerebellum
GENE:IPCEF1	TISSUE:Cerebellum
GENE:IPO7	TISSUE:Cerebellum
GENE:IPP	TISSUE:Cerebellum
GENE:IPW	TISSUE:Cerebellum
GENE:IQCK	TISSUE:Cerebellum
GENE:IREB2	TISSUE:Cerebellum
GENE:IRF2	TISSUE:Cerebellum
GENE:IRF2BP2	TISSUE:Cerebellum
GENE:ISCA1	TISSUE:Cerebellum
GENE:ITGAV	TISSUE:Cerebellum
GENE:ITGB1	TISSUE:Cerebellum
GENE:ITGB1BP1	TISSUE:Cerebellum
GENE:ITIH5	TISSUE:Cerebellum
GENE:ITM2B	TISSUE:Cerebellum
GENE:ITPK1	TISSUE:Cerebellum
GENE:ITPK1-AS1	TISSUE:Cerebellum
GENE:JAKMIP1	TISSUE:Cerebellum
GENE:JAZF1-AS1	TISSUE:Cerebellum
GENE:JHDM1D-AS1	TISSUE:Cerebellum
GENE:JTB	TISSUE:Cerebellum
GENE:JUN	TISSUE:Cerebellum
GENE:JUND	TISSUE:Cerebellum
GENE:KANSL1	TISSUE:Cerebellum
GENE:KANSL1L	TISSUE:Cerebellum
GENE:KANSL3	TISSUE:Cerebellum
GENE:KAT6A	TISSUE:Cerebellum
GENE:KAT7	TISSUE:Cerebellum
GENE:KATNBL1	TISSUE:Cerebellum
GENE:KAZN	TISSUE:Cerebellum
GENE:KBTBD11	TISSUE:Cerebellum
GENE:KBTBD2	TISSUE:Cerebellum
GENE:KCND2	TISSUE:Cerebellum
GENE:KCNH6	TISSUE:Cerebellum
GENE:KCNIP4	TISSUE:Cerebellum
GENE:KCNIP4-IT1	TISSUE:Cerebellum
GENE:KCNN2	TISSUE:Cerebellum
GENE:KCTD13	TISSUE:Cerebellum
GENE:KCTD3	TISSUE:Cerebellum
GENE:KCTD6	TISSUE:Cerebellum
GENE:KCTD7	TISSUE:Cerebellum
GENE:KDELR1	TISSUE:Cerebellum
GENE:KDM2A	TISSUE:Cerebellum
GENE:KDM2B	TISSUE:Cerebellum
GENE:KDM4A-AS1	TISSUE:Cerebellum
GENE:KDM7A	TISSUE:Cerebellum
GENE:KDSR	TISSUE:Cerebellum
GENE:KHDRBS1	TISSUE:Cerebellum
GENE:KIAA0101	TISSUE:Cerebellum
GENE:KIAA0355	TISSUE:Cerebellum
GENE:KIAA0368	TISSUE:Cerebellum
GENE:KIAA0513	TISSUE:Cerebellum
GENE:KIAA0907	TISSUE:Cerebellum
GENE:KIAA1109	TISSUE:Cerebellum
GENE:KIAA1191	TISSUE:Cerebellum
GENE:KIAA1456	TISSUE:Cerebellum
GENE:KIAA1751	TISSUE:Cerebellum
GENE:KIF1A	TISSUE:Cerebellum
GENE:KIF1B	TISSUE:Cerebellum
GENE:KIF1C	TISSUE:Cerebellum
GENE:KIF21A	TISSUE:Cerebellum
GENE:KIF5A	TISSUE:Cerebellum
GENE:KIF5C	TISSUE:Cerebellum
GENE:KIFAP3	TISSUE:Cerebellum
GENE:KIFC2	TISSUE:Cerebellum
GENE:KLC1	TISSUE:Cerebellum
GENE:KLF13	TISSUE:Cerebellum
GENE:KLF9	TISSUE:Cerebellum
GENE:KLHDC3	TISSUE:Cerebellum
GENE:KLHL22	TISSUE:Cerebellum
GENE:KLHL28	TISSUE:Cerebellum
GENE:KLHL3	TISSUE:Cerebellum
GENE:KLK7	TISSUE:Cerebellum
GENE:KLLN	TISSUE:Cerebellum
GENE:KMT2C	TISSUE:Cerebellum
GENE:KMT2E	TISSUE:Cerebellum
GENE:KPNB1	TISSUE:Cerebellum
GENE:KRT18	TISSUE:Cerebellum
GENE:KRTCAP2	TISSUE:Cerebellum
GENE:LAIR1	TISSUE:Cerebellum
GENE:LAMTOR4	TISSUE:Cerebellum
GENE:LANCL1	TISSUE:Cerebellum
GENE:LARP1	TISSUE:Cerebellum
GENE:LARP1B	TISSUE:Cerebellum
GENE:LARP4	TISSUE:Cerebellum
GENE:LARP6	TISSUE:Cerebellum
GENE:LASP1	TISSUE:Cerebellum
GENE:LCOR	TISSUE:Cerebellum
GENE:LDHA	TISSUE:Cerebellum
GENE:LDHAL6A	TISSUE:Cerebellum
GENE:LDHB	TISSUE:Cerebellum
GENE:LEMD3	TISSUE:Cerebellum
GENE:LEO1	TISSUE:Cerebellum
GENE:LEP	TISSUE:Cerebellum
GENE:LETM2	TISSUE:Cerebellum
GENE:LGMN	TISSUE:Cerebellum
GENE:LHFP	TISSUE:Cerebellum
GENE:LILRA6	TISSUE:Cerebellum
GENE:LILRB1	TISSUE:Cerebellum
GENE:LILRB3	TISSUE:Cerebellum
GENE:LIMCH1	TISSUE:Cerebellum
GENE:LIN7C	TISSUE:Cerebellum
GENE:LINC00092	TISSUE:Cerebellum
GENE:LINC00202-2	TISSUE:Cerebellum
GENE:LINC00265	TISSUE:Cerebellum
GENE:LINC00338	TISSUE:Cerebellum
GENE:LINC00599	TISSUE:Cerebellum
GENE:LINC00632	TISSUE:Cerebellum
GENE:LINC00652	TISSUE:Cerebellum
GENE:LINC00657	TISSUE:Cerebellum
GENE:LINC00667	TISSUE:Cerebellum
GENE:LINC00672	TISSUE:Cerebellum
GENE:LINC00857	TISSUE:Cerebellum
GENE:LINC00889	TISSUE:Cerebellum
GENE:LINC00957	TISSUE:Cerebellum
GENE:LINC00965	TISSUE:Cerebellum
GENE:LINC00967	TISSUE:Cerebellum
GENE:LINC00989	TISSUE:Cerebellum
GENE:LINC00999	TISSUE:Cerebellum
GENE:LINC01000	TISSUE:Cerebellum
GENE:LINC01001	TISSUE:Cerebellum
GENE:LINC01018	TISSUE:Cerebellum
GENE:LINC01160	TISSUE:Cerebellum
GENE:LINC01205	TISSUE:Cerebellum
GENE:LMBRD1	TISSUE:Cerebellum
GENE:LMOD3	TISSUE:Cerebellum
GENE:LOC100128288	TISSUE:Cerebellum
GENE:LOC100129055	TISSUE:Cerebellum
GENE:LOC100129148	TISSUE:Cerebellum
GENE:LOC100129518	TISSUE:Cerebellum
GENE:LOC100130452	TISSUE:Cerebellum
GENE:LOC100131257	TISSUE:Cerebellum
GENE:LOC100131541	TISSUE:Cerebellum
GENE:LOC100134868	TISSUE:Cerebellum
GENE:LOC100190986	TISSUE:Cerebellum
GENE:LOC100287934	TISSUE:Cerebellum
GENE:LOC100288069	TISSUE:Cerebellum
GENE:LOC100506290	TISSUE:Cerebellum
GENE:LOC100506548	TISSUE:Cerebellum
GENE:LOC100506562	TISSUE:Cerebellum
GENE:LOC155060	TISSUE:Cerebellum
GENE:LOC283693	TISSUE:Cerebellum
GENE:LOC283788	TISSUE:Cerebellum
GENE:LOC285074	TISSUE:Cerebellum
GENE:LOC388692	TISSUE:Cerebellum
GENE:LOC399900	TISSUE:Cerebellum
GENE:LOC440157	TISSUE:Cerebellum
GENE:LOC440354	TISSUE:Cerebellum
GENE:LOC441666	TISSUE:Cerebellum
GENE:LOC442132	TISSUE:Cerebellum
GENE:LOC595101	TISSUE:Cerebellum
GENE:LOC613037	TISSUE:Cerebellum
GENE:LOC643387	TISSUE:Cerebellum
GENE:LOC644936	TISSUE:Cerebellum
GENE:LOC646278	TISSUE:Cerebellum
GENE:LOC650157	TISSUE:Cerebellum
GENE:LOC728485	TISSUE:Cerebellum
GENE:LOC728755	TISSUE:Cerebellum
GENE:LOC729173	TISSUE:Cerebellum
GENE:LOC729603	TISSUE:Cerebellum
GENE:LOC729609	TISSUE:Cerebellum
GENE:LOC729737	TISSUE:Cerebellum
GENE:LOC730081	TISSUE:Cerebellum
GENE:LONRF2	TISSUE:Cerebellum
GENE:LPCAT1	TISSUE:Cerebellum
GENE:LPHN3	TISSUE:Cerebellum
GENE:LPIN3	TISSUE:Cerebellum
GENE:LRCH1	TISSUE:Cerebellum
GENE:LRCH3	TISSUE:Cerebellum
GENE:LRPPRC	TISSUE:Cerebellum
GENE:LRR1	TISSUE:Cerebellum
GENE:LRRC10	TISSUE:Cerebellum
GENE:LRRC37A4P	TISSUE:Cerebellum
GENE:LRRC37B	TISSUE:Cerebellum
GENE:LRRC37BP1	TISSUE:Cerebellum
GENE:LRRC75A-AS1	TISSUE:Cerebellum
GENE:LRRFIP1	TISSUE:Cerebellum
GENE:LRRN4CL	TISSUE:Cerebellum
GENE:LSM2	TISSUE:Cerebellum
GENE:LSR	TISSUE:Cerebellum
GENE:LUC7L	TISSUE:Cerebellum
GENE:LUC7L3	TISSUE:Cerebellum
GENE:LYZ	TISSUE:Cerebellum
GENE:LZTS3	TISSUE:Cerebellum
GENE:MACF1	TISSUE:Cerebellum
GENE:MADD	TISSUE:Cerebellum
GENE:MAGED1	TISSUE:Cerebellum
GENE:MAGI2-AS3	TISSUE:Cerebellum
GENE:MAGT1	TISSUE:Cerebellum
GENE:MANBAL	TISSUE:Cerebellum
GENE:MAP1A	TISSUE:Cerebellum
GENE:MAP1B	TISSUE:Cerebellum
GENE:MAP2	TISSUE:Cerebellum
GENE:MAP2K1	TISSUE:Cerebellum
GENE:MAP2K3	TISSUE:Cerebellum
GENE:MAP3K13	TISSUE:Cerebellum
GENE:MAP3K3	TISSUE:Cerebellum
GENE:MAP3K5	TISSUE:Cerebellum
GENE:MAP4K4	TISSUE:Cerebellum
GENE:MAP4K5	TISSUE:Cerebellum
GENE:MAP7D1	TISSUE:Cerebellum
GENE:MAPK10	TISSUE:Cerebellum
GENE:MAPK8IP3	TISSUE:Cerebellum
GENE:MAPK9	TISSUE:Cerebellum
GENE:MAPKAPK5-AS1	TISSUE:Cerebellum
GENE:MARCH2	TISSUE:Cerebellum
GENE:MARCH6	TISSUE:Cerebellum
GENE:MARCH8	TISSUE:Cerebellum
GENE:MARCKS	TISSUE:Cerebellum
GENE:MARS	TISSUE:Cerebellum
GENE:MAT2A	TISSUE:Cerebellum
GENE:MAT2B	TISSUE:Cerebellum
GENE:MATR3	TISSUE:Cerebellum
GENE:MAX	TISSUE:Cerebellum
GENE:MBD4	TISSUE:Cerebellum
GENE:MBNL2	TISSUE:Cerebellum
GENE:MBOAT2	TISSUE:Cerebellum
GENE:MBP	TISSUE:Cerebellum
GENE:MCF2L2	TISSUE:Cerebellum
GENE:MCHR2	TISSUE:Cerebellum
GENE:MCL1	TISSUE:Cerebellum
GENE:MCM8	TISSUE:Cerebellum
GENE:MCM9	TISSUE:Cerebellum
GENE:MCMDC2	TISSUE:Cerebellum
GENE:MDH2	TISSUE:Cerebellum
GENE:MDM2	TISSUE:Cerebellum
GENE:ME2	TISSUE:Cerebellum
GENE:MECR	TISSUE:Cerebellum
GENE:MED1	TISSUE:Cerebellum
GENE:MED13	TISSUE:Cerebellum
GENE:MED15P9	TISSUE:Cerebellum
GENE:MED28	TISSUE:Cerebellum
GENE:MED29	TISSUE:Cerebellum
GENE:MED6	TISSUE:Cerebellum
GENE:MEG3	TISSUE:Cerebellum
GENE:MEPCE	TISSUE:Cerebellum
GENE:METTL20	TISSUE:Cerebellum
GENE:METTL21A	TISSUE:Cerebellum
GENE:METTL3	TISSUE:Cerebellum
GENE:METTL7A	TISSUE:Cerebellum
GENE:MFGE8	TISSUE:Cerebellum
GENE:MFSD11	TISSUE:Cerebellum
GENE:MGA	TISSUE:Cerebellum
GENE:MGAT3	TISSUE:Cerebellum
GENE:MGEA5	TISSUE:Cerebellum
GENE:MGST2	TISSUE:Cerebellum
GENE:MIDN	TISSUE:Cerebellum
GENE:MINOS1	TISSUE:Cerebellum
GENE:MIR1282	TISSUE:Cerebellum
GENE:MIR1299	TISSUE:Cerebellum
GENE:MIR181C	TISSUE:Cerebellum
GENE:MIR574	TISSUE:Cerebellum
GENE:MIS12	TISSUE:Cerebellum
GENE:MIS18A	TISSUE:Cerebellum
GENE:MKNK2	TISSUE:Cerebellum
GENE:MKRN1	TISSUE:Cerebellum
GENE:MLH3	TISSUE:Cerebellum
GENE:MLLT4	TISSUE:Cerebellum
GENE:MMS19	TISSUE:Cerebellum
GENE:MOBP	TISSUE:Cerebellum
GENE:MORF4L1	TISSUE:Cerebellum
GENE:MORF4L2	TISSUE:Cerebellum
GENE:MOSPD3	TISSUE:Cerebellum
GENE:MPHOSPH6	TISSUE:Cerebellum
GENE:MPHOSPH8	TISSUE:Cerebellum
GENE:MPRIP	TISSUE:Cerebellum
GENE:MPV17L	TISSUE:Cerebellum
GENE:MRFAP1	TISSUE:Cerebellum
GENE:MRFAP1L1	TISSUE:Cerebellum
GENE:MRGBP	TISSUE:Cerebellum
GENE:MRI1	TISSUE:Cerebellum
GENE:MRPL30	TISSUE:Cerebellum
GENE:MRPL44	TISSUE:Cerebellum
GENE:MRPL51	TISSUE:Cerebellum
GENE:MRPS10	TISSUE:Cerebellum
GENE:MRPS16	TISSUE:Cerebellum
GENE:MSH3	TISSUE:Cerebellum
GENE:MSH6	TISSUE:Cerebellum
GENE:MSI1	TISSUE:Cerebellum
GENE:MSL2	TISSUE:Cerebellum
GENE:MSMO1	TISSUE:Cerebellum
GENE:MSRA	TISSUE:Cerebellum
GENE:MST4	TISSUE:Cerebellum
GENE:MSTO2P	TISSUE:Cerebellum
GENE:MT1A	TISSUE:Cerebellum
GENE:MT1E	TISSUE:Cerebellum
GENE:MT1IP	TISSUE:Cerebellum
GENE:MT2A	TISSUE:Cerebellum
GENE:MT3	TISSUE:Cerebellum
GENE:MTA1	TISSUE:Cerebellum
GENE:MTCH1	TISSUE:Cerebellum
GENE:MTCL1	TISSUE:Cerebellum
GENE:MTDH	TISSUE:Cerebellum
GENE:MTFMT	TISSUE:Cerebellum
GENE:MTHFD2	TISSUE:Cerebellum
GENE:MTIF3	TISSUE:Cerebellum
GENE:MTMR12	TISSUE:Cerebellum
GENE:MTPAP	TISSUE:Cerebellum
GENE:MTRF1L	TISSUE:Cerebellum
GENE:MTRNR2L1	TISSUE:Cerebellum
GENE:MTSS1	TISSUE:Cerebellum
GENE:MTURN	TISSUE:Cerebellum
GENE:MTUS1	TISSUE:Cerebellum
GENE:MUC6	TISSUE:Cerebellum
GENE:MX1	TISSUE:Cerebellum
GENE:MXD4	TISSUE:Cerebellum
GENE:MYH9	TISSUE:Cerebellum
GENE:MYL6	TISSUE:Cerebellum
GENE:MYL6B	TISSUE:Cerebellum
GENE:MYNN	TISSUE:Cerebellum
GENE:MYO1H	TISSUE:Cerebellum
GENE:MYO3B	TISSUE:Cerebellum
GENE:MYOM1	TISSUE:Cerebellum
GENE:MYT1	TISSUE:Cerebellum
GENE:MYT1L	TISSUE:Cerebellum
GENE:MZT2A	TISSUE:Cerebellum
GENE:N4BP2	TISSUE:Cerebellum
GENE:NAA35	TISSUE:Cerebellum
GENE:NACA	TISSUE:Cerebellum
GENE:NACAD	TISSUE:Cerebellum
GENE:NACC2	TISSUE:Cerebellum
GENE:NAP1L1	TISSUE:Cerebellum
GENE:NAPB	TISSUE:Cerebellum
GENE:NAPG	TISSUE:Cerebellum
GENE:NBPF1	TISSUE:Cerebellum
GENE:NBPF10	TISSUE:Cerebellum
GENE:NBPF11	TISSUE:Cerebellum
GENE:NBPF14	TISSUE:Cerebellum
GENE:NBPF15	TISSUE:Cerebellum
GENE:NBPF9	TISSUE:Cerebellum
GENE:NCAM1	TISSUE:Cerebellum
GENE:NCBP1	TISSUE:Cerebellum
GENE:NCDN	TISSUE:Cerebellum
GENE:NCEH1	TISSUE:Cerebellum
GENE:NCK2	TISSUE:Cerebellum
GENE:NCL	TISSUE:Cerebellum
GENE:NCOA3	TISSUE:Cerebellum
GENE:NCOA4	TISSUE:Cerebellum
GENE:NCS1	TISSUE:Cerebellum
GENE:NDEL1	TISSUE:Cerebellum
GENE:NDRG2	TISSUE:Cerebellum
GENE:NDRG3	TISSUE:Cerebellum
GENE:NDRG4	TISSUE:Cerebellum
GENE:NDUFA1	TISSUE:Cerebellum
GENE:NDUFA10	TISSUE:Cerebellum
GENE:NDUFA12	TISSUE:Cerebellum
GENE:NDUFA4	TISSUE:Cerebellum
GENE:NDUFA5	TISSUE:Cerebellum
GENE:NDUFAB1	TISSUE:Cerebellum
GENE:NDUFAF7	TISSUE:Cerebellum
GENE:NDUFB10	TISSUE:Cerebellum
GENE:NDUFB2	TISSUE:Cerebellum
GENE:NDUFB3	TISSUE:Cerebellum
GENE:NDUFB5	TISSUE:Cerebellum
GENE:NDUFB8	TISSUE:Cerebellum
GENE:NDUFB9	TISSUE:Cerebellum
GENE:NDUFC2	TISSUE:Cerebellum
GENE:NDUFS3	TISSUE:Cerebellum
GENE:NDUFS7	TISSUE:Cerebellum
GENE:NDUFV2	TISSUE:Cerebellum
GENE:NEDD8	TISSUE:Cerebellum
GENE:NET1	TISSUE:Cerebellum
GENE:NFIA	TISSUE:Cerebellum
GENE:NFIB	TISSUE:Cerebellum
GENE:NFIC	TISSUE:Cerebellum
GENE:NFIX	TISSUE:Cerebellum
GENE:NFKBIA	TISSUE:Cerebellum
GENE:NFYC	TISSUE:Cerebellum
GENE:NGDN	TISSUE:Cerebellum
GENE:NGFRAP1	TISSUE:Cerebellum
GENE:NGRN	TISSUE:Cerebellum
GENE:NHP2L1	TISSUE:Cerebellum
GENE:NICN1	TISSUE:Cerebellum
GENE:NIPA1	TISSUE:Cerebellum
GENE:NIPAL3	TISSUE:Cerebellum
GENE:NISCH	TISSUE:Cerebellum
GENE:NKTR	TISSUE:Cerebellum
GENE:NLRP8	TISSUE:Cerebellum
GENE:NMNAT2	TISSUE:Cerebellum
GENE:NMT2	TISSUE:Cerebellum
GENE:NOL8	TISSUE:Cerebellum
GENE:NOMO1	TISSUE:Cerebellum
GENE:NOP56	TISSUE:Cerebellum
GENE:NOVA1	TISSUE:Cerebellum
GENE:NPEPPS	TISSUE:Cerebellum
GENE:NPIPA1	TISSUE:Cerebellum
GENE:NPM1	TISSUE:Cerebellum
GENE:NPTN	TISSUE:Cerebellum
GENE:NPTX1	TISSUE:Cerebellum
GENE:NR1D2	TISSUE:Cerebellum
GENE:NR2F1	TISSUE:Cerebellum
GENE:NR3C1	TISSUE:Cerebellum
GENE:NRCAM	TISSUE:Cerebellum
GENE:NREP	TISSUE:Cerebellum
GENE:NRIP3	TISSUE:Cerebellum
GENE:NRP1	TISSUE:Cerebellum
GENE:NRXN1	TISSUE:Cerebellum
GENE:NRXN2	TISSUE:Cerebellum
GENE:NRXN3	TISSUE:Cerebellum
GENE:NSA2	TISSUE:Cerebellum
GENE:NSD1	TISSUE:Cerebellum
GENE:NSG1	TISSUE:Cerebellum
GENE:NSMF	TISSUE:Cerebellum
GENE:NSUN5	TISSUE:Cerebellum
GENE:NT5DC3	TISSUE:Cerebellum
GENE:NTRK2	TISSUE:Cerebellum
GENE:NUAK1	TISSUE:Cerebellum
GENE:NUAK2	TISSUE:Cerebellum
GENE:NUB1	TISSUE:Cerebellum
GENE:NUBPL	TISSUE:Cerebellum
GENE:NUCKS1	TISSUE:Cerebellum
GENE:NUDC	TISSUE:Cerebellum
GENE:NUDT4P1	TISSUE:Cerebellum
GENE:NUFIP2	TISSUE:Cerebellum
GENE:NUMA1	TISSUE:Cerebellum
GENE:NUTM2A-AS1	TISSUE:Cerebellum
GENE:OAZ1	TISSUE:Cerebellum
GENE:OCIAD1	TISSUE:Cerebellum
GENE:ODF2	TISSUE:Cerebellum
GENE:OGFOD1	TISSUE:Cerebellum
GENE:OGFRL1	TISSUE:Cerebellum
GENE:OGT	TISSUE:Cerebellum
GENE:OLFM1	TISSUE:Cerebellum
GENE:OPCML	TISSUE:Cerebellum
GENE:OR1J1	TISSUE:Cerebellum
GENE:ORC6	TISSUE:Cerebellum
GENE:OSBPL2	TISSUE:Cerebellum
GENE:OXR1	TISSUE:Cerebellum
GENE:P4HA1	TISSUE:Cerebellum
GENE:PABPC1	TISSUE:Cerebellum
GENE:PABPC1L2A	TISSUE:Cerebellum
GENE:PABPC1L2B	TISSUE:Cerebellum
GENE:PABPC3	TISSUE:Cerebellum
GENE:PABPC5	TISSUE:Cerebellum
GENE:PACRG	TISSUE:Cerebellum
GENE:PACRGL	TISSUE:Cerebellum
GENE:PAFAH1B1	TISSUE:Cerebellum
GENE:PAIP2	TISSUE:Cerebellum
GENE:PAK2	TISSUE:Cerebellum
GENE:PALM2	TISSUE:Cerebellum
GENE:PAMR1	TISSUE:Cerebellum
GENE:PAN3	TISSUE:Cerebellum
GENE:PANK1	TISSUE:Cerebellum
GENE:PAPL	TISSUE:Cerebellum
GENE:PAQR6	TISSUE:Cerebellum
GENE:PARD6B	TISSUE:Cerebellum
GENE:PARG	TISSUE:Cerebellum
GENE:PARK7	TISSUE:Cerebellum
GENE:PARP1	TISSUE:Cerebellum
GENE:PARP8	TISSUE:Cerebellum
GENE:PATE2	TISSUE:Cerebellum
GENE:PAXBP1	TISSUE:Cerebellum
GENE:PAXIP1-AS1	TISSUE:Cerebellum
GENE:PCBD1	TISSUE:Cerebellum
GENE:PCBP2	TISSUE:Cerebellum
GENE:PCDHB16	TISSUE:Cerebellum
GENE:PCDHB19P	TISSUE:Cerebellum
GENE:PCDHB9	TISSUE:Cerebellum
GENE:PCID2	TISSUE:Cerebellum
GENE:PCLO	TISSUE:Cerebellum
GENE:PCM1	TISSUE:Cerebellum
GENE:PCMT1	TISSUE:Cerebellum
GENE:PCMTD1	TISSUE:Cerebellum
GENE:PCMTD2	TISSUE:Cerebellum
GENE:PCNP	TISSUE:Cerebellum
GENE:PCNX	TISSUE:Cerebellum
GENE:PCP4	TISSUE:Cerebellum
GENE:PCYOX1	TISSUE:Cerebellum
GENE:PDCD4	TISSUE:Cerebellum
GENE:PDCD5	TISSUE:Cerebellum
GENE:PDCD7	TISSUE:Cerebellum
GENE:PDE3A	TISSUE:Cerebellum
GENE:PDE4C	TISSUE:Cerebellum
GENE:PDE4DIP	TISSUE:Cerebellum
GENE:PDHA1	TISSUE:Cerebellum
GENE:PDHB	TISSUE:Cerebellum
GENE:PDPN	TISSUE:Cerebellum
GENE:PDXK	TISSUE:Cerebellum
GENE:PDZD4	TISSUE:Cerebellum
GENE:PEA15	TISSUE:Cerebellum
GENE:PEBP1	TISSUE:Cerebellum
GENE:PEG3	TISSUE:Cerebellum
GENE:PEG3-AS1	TISSUE:Cerebellum
GENE:PELI2	TISSUE:Cerebellum
GENE:PET100	TISSUE:Cerebellum
GENE:PEX11B	TISSUE:Cerebellum
GENE:PFDN5	TISSUE:Cerebellum
GENE:PFKFB3	TISSUE:Cerebellum
GENE:PFN1P2	TISSUE:Cerebellum
GENE:PGAM1	TISSUE:Cerebellum
GENE:PGK1	TISSUE:Cerebellum
GENE:PGM5-AS1	TISSUE:Cerebellum
GENE:PGRMC1	TISSUE:Cerebellum
GENE:PGRMC2	TISSUE:Cerebellum
GENE:PHACTR3	TISSUE:Cerebellum
GENE:PHAX	TISSUE:Cerebellum
GENE:PHF10	TISSUE:Cerebellum
GENE:PHF14	TISSUE:Cerebellum
GENE:PHF2	TISSUE:Cerebellum
GENE:PHF20L1	TISSUE:Cerebellum
GENE:PHF21A	TISSUE:Cerebellum
GENE:PHIP	TISSUE:Cerebellum
GENE:PHYHIP	TISSUE:Cerebellum
GENE:PIAS2	TISSUE:Cerebellum
GENE:PIAS4	TISSUE:Cerebellum
GENE:PIGW	TISSUE:Cerebellum
GENE:PIGX	TISSUE:Cerebellum
GENE:PILRA	TISSUE:Cerebellum
GENE:PINK1	TISSUE:Cerebellum
GENE:PIP4K2A	TISSUE:Cerebellum
GENE:PITHD1	TISSUE:Cerebellum
GENE:PJA2	TISSUE:Cerebellum
GENE:PKD1P1	TISSUE:Cerebellum
GENE:PKIA	TISSUE:Cerebellum
GENE:PKIB	TISSUE:Cerebellum
GENE:PKM	TISSUE:Cerebellum
GENE:PKN2	TISSUE:Cerebellum
GENE:PKP4	TISSUE:Cerebellum
GENE:PLA2G2D	TISSUE:Cerebellum
GENE:PLCG1	TISSUE:Cerebellum
GENE:PLCXD1	TISSUE:Cerebellum
GENE:PLEKHA2	TISSUE:Cerebellum
GENE:PLEKHB1	TISSUE:Cerebellum
GENE:PLEKHB2	TISSUE:Cerebellum
GENE:PLEKHG6	TISSUE:Cerebellum
GENE:PLIN5	TISSUE:Cerebellum
GENE:PLK3	TISSUE:Cerebellum
GENE:PLP1	TISSUE:Cerebellum
GENE:PMP2	TISSUE:Cerebellum
GENE:PMS2P4	TISSUE:Cerebellum
GENE:PMS2P5	TISSUE:Cerebellum
GENE:PMVK	TISSUE:Cerebellum
GENE:PNISR	TISSUE:Cerebellum
GENE:PNN	TISSUE:Cerebellum
GENE:PNPT1	TISSUE:Cerebellum
GENE:PNRC2	TISSUE:Cerebellum
GENE:PODXL	TISSUE:Cerebellum
GENE:POFUT1	TISSUE:Cerebellum
GENE:POGZ	TISSUE:Cerebellum
GENE:POLB	TISSUE:Cerebellum
GENE:POLD2	TISSUE:Cerebellum
GENE:POLE4	TISSUE:Cerebellum
GENE:POLR2F	TISSUE:Cerebellum
GENE:POLR2H	TISSUE:Cerebellum
GENE:POLR2J2	TISSUE:Cerebellum
GENE:POLR2J3	TISSUE:Cerebellum
GENE:POLR3F	TISSUE:Cerebellum
GENE:POLR3GL	TISSUE:Cerebellum
GENE:POM121C	TISSUE:Cerebellum
GENE:POM121L8P	TISSUE:Cerebellum
GENE:POMP	TISSUE:Cerebellum
GENE:POT1	TISSUE:Cerebellum
GENE:POTEF	TISSUE:Cerebellum
GENE:POTEKP	TISSUE:Cerebellum
GENE:POU2F1	TISSUE:Cerebellum
GENE:PPA1	TISSUE:Cerebellum
GENE:PPA2	TISSUE:Cerebellum
GENE:PPAPDC1B	TISSUE:Cerebellum
GENE:PPARGC1A	TISSUE:Cerebellum
GENE:PPCDC	TISSUE:Cerebellum
GENE:PPFIA1	TISSUE:Cerebellum
GENE:PPFIA4	TISSUE:Cerebellum
GENE:PPFIBP1	TISSUE:Cerebellum
GENE:PPHLN1	TISSUE:Cerebellum
GENE:PPIA	TISSUE:Cerebellum
GENE:PPID	TISSUE:Cerebellum
GENE:PPIG	TISSUE:Cerebellum
GENE:PPIL3	TISSUE:Cerebellum
GENE:PPM1A	TISSUE:Cerebellum
GENE:PPM1B	TISSUE:Cerebellum
GENE:PPM1G	TISSUE:Cerebellum
GENE:PPM1K	TISSUE:Cerebellum
GENE:PPP1CB	TISSUE:Cerebellum
GENE:PPP1CC	TISSUE:Cerebellum
GENE:PPP1R13B	TISSUE:Cerebellum
GENE:PPP1R16B	TISSUE:Cerebellum
GENE:PPP1R3F	TISSUE:Cerebellum
GENE:PPP1R9B	TISSUE:Cerebellum
GENE:PPP2CA	TISSUE:Cerebellum
GENE:PPP2CB	TISSUE:Cerebellum
GENE:PPP2R1A	TISSUE:Cerebellum
GENE:PPP2R2B	TISSUE:Cerebellum
GENE:PPP2R2C	TISSUE:Cerebellum
GENE:PPP2R3A	TISSUE:Cerebellum
GENE:PQLC1	TISSUE:Cerebellum
GENE:PRC1	TISSUE:Cerebellum
GENE:PRCP	TISSUE:Cerebellum
GENE:PRDX1	TISSUE:Cerebellum
GENE:PRDX5	TISSUE:Cerebellum
GENE:PREPL	TISSUE:Cerebellum
GENE:PRIM2	TISSUE:Cerebellum
GENE:PRKAA1	TISSUE:Cerebellum
GENE:PRKACB	TISSUE:Cerebellum
GENE:PRKAR1A	TISSUE:Cerebellum
GENE:PRKCZ	TISSUE:Cerebellum
GENE:PRNP	TISSUE:Cerebellum
GENE:PRPF8	TISSUE:Cerebellum
GENE:PRPSAP1	TISSUE:Cerebellum
GENE:PRR13	TISSUE:Cerebellum
GENE:PRR14	TISSUE:Cerebellum
GENE:PRR14L	TISSUE:Cerebellum
GENE:PRR5	TISSUE:Cerebellum
GENE:PRRC2C	TISSUE:Cerebellum
GENE:PRRG4	TISSUE:Cerebellum
GENE:PRRT2	TISSUE:Cerebellum
GENE:PRUNE2	TISSUE:Cerebellum
GENE:PSAP	TISSUE:Cerebellum
GENE:PSIP1	TISSUE:Cerebellum
GENE:PSMA6	TISSUE:Cerebellum
GENE:PSMB1	TISSUE:Cerebellum
GENE:PSMB6	TISSUE:Cerebellum
GENE:PSMC1	TISSUE:Cerebellum
GENE:PSMC3	TISSUE:Cerebellum
GENE:PSMC5	TISSUE:Cerebellum
GENE:PSMD2	TISSUE:Cerebellum
GENE:PSMF1	TISSUE:Cerebellum
GENE:PSPC1	TISSUE:Cerebellum
GENE:PTBP1	TISSUE:Cerebellum
GENE:PTBP3	TISSUE:Cerebellum
GENE:PTEN	TISSUE:Cerebellum
GENE:PTGR2	TISSUE:Cerebellum
GENE:PTK2B	TISSUE:Cerebellum
GENE:PTMA	TISSUE:Cerebellum
GENE:PTOV1	TISSUE:Cerebellum
GENE:PTP4A2	TISSUE:Cerebellum
GENE:PTPN11	TISSUE:Cerebellum
GENE:PTPRD	TISSUE:Cerebellum
GENE:PTRF	TISSUE:Cerebellum
GENE:PTTG1IP	TISSUE:Cerebellum
GENE:PUM1	TISSUE:Cerebellum
GENE:PURA	TISSUE:Cerebellum
GENE:PURB	TISSUE:Cerebellum
GENE:PXMP4	TISSUE:Cerebellum
GENE:QKI	TISSUE:Cerebellum
GENE:QRFPR	TISSUE:Cerebellum
GENE:RAB11A	TISSUE:Cerebellum
GENE:RAB11FIP3	TISSUE:Cerebellum
GENE:RAB21	TISSUE:Cerebellum
GENE:RAB39A	TISSUE:Cerebellum
GENE:RAB3GAP1	TISSUE:Cerebellum
GENE:RAB3IP	TISSUE:Cerebellum
GENE:RAB40B	TISSUE:Cerebellum
GENE:RAB6A	TISSUE:Cerebellum
GENE:RAB7A	TISSUE:Cerebellum
GENE:RABGGTB	TISSUE:Cerebellum
GENE:RABL2A	TISSUE:Cerebellum
GENE:RABL2B	TISSUE:Cerebellum
GENE:RAC1	TISSUE:Cerebellum
GENE:RAD21	TISSUE:Cerebellum
GENE:RAD51	TISSUE:Cerebellum
GENE:RAD51C	TISSUE:Cerebellum
GENE:RAD52	TISSUE:Cerebellum
GENE:RAD54L2	TISSUE:Cerebellum
GENE:RAET1K	TISSUE:Cerebellum
GENE:RALA	TISSUE:Cerebellum
GENE:RALGAPA1	TISSUE:Cerebellum
GENE:RALGDS	TISSUE:Cerebellum
GENE:RAMP2-AS1	TISSUE:Cerebellum
GENE:RAN	TISSUE:Cerebellum
GENE:RAP1B	TISSUE:Cerebellum
GENE:RAP1GAP	TISSUE:Cerebellum
GENE:RAP1GDS1	TISSUE:Cerebellum
GENE:RAP2A	TISSUE:Cerebellum
GENE:RARS	TISSUE:Cerebellum
GENE:RASD1	TISSUE:Cerebellum
GENE:RASGRP1	TISSUE:Cerebellum
GENE:RASSF5	TISSUE:Cerebellum
GENE:RASSF6	TISSUE:Cerebellum
GENE:RAX2	TISSUE:Cerebellum
GENE:RBBP4	TISSUE:Cerebellum
GENE:RBM10	TISSUE:Cerebellum
GENE:RBM12B	TISSUE:Cerebellum
GENE:RBM14	TISSUE:Cerebellum
GENE:RBM24	TISSUE:Cerebellum
GENE:RBM25	TISSUE:Cerebellum
GENE:RBM3	TISSUE:Cerebellum
GENE:RBM33	TISSUE:Cerebellum
GENE:RBM39	TISSUE:Cerebellum
GENE:RBM4	TISSUE:Cerebellum
GENE:RBM48	TISSUE:Cerebellum
GENE:RBM4B	TISSUE:Cerebellum
GENE:RBM5	TISSUE:Cerebellum
GENE:RBM6	TISSUE:Cerebellum
GENE:RBM8A	TISSUE:Cerebellum
GENE:RBMX	TISSUE:Cerebellum
GENE:RCAN2	TISSUE:Cerebellum
GENE:RCHY1	TISSUE:Cerebellum
GENE:RCN1	TISSUE:Cerebellum
GENE:RDH11	TISSUE:Cerebellum
GENE:REEP5	TISSUE:Cerebellum
GENE:RELL1	TISSUE:Cerebellum
GENE:RELN	TISSUE:Cerebellum
GENE:RERE	TISSUE:Cerebellum
GENE:REXO4	TISSUE:Cerebellum
GENE:RFTN1	TISSUE:Cerebellum
GENE:RFWD2	TISSUE:Cerebellum
GENE:RGCC	TISSUE:Cerebellum
GENE:RGPD8	TISSUE:Cerebellum
GENE:RGS11	TISSUE:Cerebellum
GENE:RGS2	TISSUE:Cerebellum
GENE:RHBDL2	TISSUE:Cerebellum
GENE:RHEB	TISSUE:Cerebellum
GENE:RHOB	TISSUE:Cerebellum
GENE:RHOC	TISSUE:Cerebellum
GENE:RIF1	TISSUE:Cerebellum
GENE:RIN1	TISSUE:Cerebellum
GENE:RN7SK	TISSUE:Cerebellum
GENE:RN7SL1	TISSUE:Cerebellum
GENE:RNA18S5	TISSUE:Cerebellum
GENE:RNA28S5	TISSUE:Cerebellum
GENE:RNA5S9	TISSUE:Cerebellum
GENE:RNF103	TISSUE:Cerebellum
GENE:RNF112	TISSUE:Cerebellum
GENE:RNF113A	TISSUE:Cerebellum
GENE:RNF114	TISSUE:Cerebellum
GENE:RNF122	TISSUE:Cerebellum
GENE:RNF144A	TISSUE:Cerebellum
GENE:RNF168	TISSUE:Cerebellum
GENE:RNF19A	TISSUE:Cerebellum
GENE:RNF20	TISSUE:Cerebellum
GENE:RNF213	TISSUE:Cerebellum
GENE:RNF219	TISSUE:Cerebellum
GENE:RNFT2	TISSUE:Cerebellum
GENE:RNMT	TISSUE:Cerebellum
GENE:RNPC3	TISSUE:Cerebellum
GENE:RNU11	TISSUE:Cerebellum
GENE:RNU2-1	TISSUE:Cerebellum
GENE:RNU4-1	TISSUE:Cerebellum
GENE:RNU4-2	TISSUE:Cerebellum
GENE:RNY1	TISSUE:Cerebellum
GENE:RNY3	TISSUE:Cerebellum
GENE:RNY4	TISSUE:Cerebellum
GENE:ROCK2	TISSUE:Cerebellum
GENE:RORA	TISSUE:Cerebellum
GENE:RP11-261C10.3	TISSUE:Cerebellum
GENE:RP11-395P17.3	TISSUE:Cerebellum
GENE:RP11-463J7.2	TISSUE:Cerebellum
GENE:RPE	TISSUE:Cerebellum
GENE:RPH3A	TISSUE:Cerebellum
GENE:RPL10	TISSUE:Cerebellum
GENE:RPL10A	TISSUE:Cerebellum
GENE:RPL11	TISSUE:Cerebellum
GENE:RPL12	TISSUE:Cerebellum
GENE:RPL13	TISSUE:Cerebellum
GENE:RPL13A	TISSUE:Cerebellum
GENE:RPL13AP3	TISSUE:Cerebellum
GENE:RPL13AP5	TISSUE:Cerebellum
GENE:RPL14	TISSUE:Cerebellum
GENE:RPL15	TISSUE:Cerebellum
GENE:RPL18	TISSUE:Cerebellum
GENE:RPL18A	TISSUE:Cerebellum
GENE:RPL19	TISSUE:Cerebellum
GENE:RPL21	TISSUE:Cerebellum
GENE:RPL21P28	TISSUE:Cerebellum
GENE:RPL22	TISSUE:Cerebellum
GENE:RPL23	TISSUE:Cerebellum
GENE:RPL23A	TISSUE:Cerebellum
GENE:RPL23AP32	TISSUE:Cerebellum
GENE:RPL23AP64	TISSUE:Cerebellum
GENE:RPL23AP7	TISSUE:Cerebellum
GENE:RPL24	TISSUE:Cerebellum
GENE:RPL26	TISSUE:Cerebellum
GENE:RPL27	TISSUE:Cerebellum
GENE:RPL27A	TISSUE:Cerebellum
GENE:RPL28	TISSUE:Cerebellum
GENE:RPL3	TISSUE:Cerebellum
GENE:RPL30	TISSUE:Cerebellum
GENE:RPL31	TISSUE:Cerebellum
GENE:RPL32	TISSUE:Cerebellum
GENE:RPL32P3	TISSUE:Cerebellum
GENE:RPL35	TISSUE:Cerebellum
GENE:RPL35A	TISSUE:Cerebellum
GENE:RPL36	TISSUE:Cerebellum
GENE:RPL36A	TISSUE:Cerebellum
GENE:RPL36AL	TISSUE:Cerebellum
GENE:RPL37	TISSUE:Cerebellum
GENE:RPL37A	TISSUE:Cerebellum
GENE:RPL38	TISSUE:Cerebellum
GENE:RPL39	TISSUE:Cerebellum
GENE:RPL4	TISSUE:Cerebellum
GENE:RPL41	TISSUE:Cerebellum
GENE:RPL5	TISSUE:Cerebellum
GENE:RPL6	TISSUE:Cerebellum
GENE:RPL7	TISSUE:Cerebellum
GENE:RPL7A	TISSUE:Cerebellum
GENE:RPL7L1	TISSUE:Cerebellum
GENE:RPL8	TISSUE:Cerebellum
GENE:RPL9	TISSUE:Cerebellum
GENE:RPLP0P2	TISSUE:Cerebellum
GENE:RPLP1	TISSUE:Cerebellum
GENE:RPLP2	TISSUE:Cerebellum
GENE:RPN1	TISSUE:Cerebellum
GENE:RPP30	TISSUE:Cerebellum
GENE:RPPH1	TISSUE:Cerebellum
GENE:RPRML	TISSUE:Cerebellum
GENE:RPS10	TISSUE:Cerebellum
GENE:RPS10P7	TISSUE:Cerebellum
GENE:RPS11	TISSUE:Cerebellum
GENE:RPS12	TISSUE:Cerebellum
GENE:RPS13	TISSUE:Cerebellum
GENE:RPS14	TISSUE:Cerebellum
GENE:RPS15	TISSUE:Cerebellum
GENE:RPS15A	TISSUE:Cerebellum
GENE:RPS16	TISSUE:Cerebellum
GENE:RPS18	TISSUE:Cerebellum
GENE:RPS19	TISSUE:Cerebellum
GENE:RPS2	TISSUE:Cerebellum
GENE:RPS20	TISSUE:Cerebellum
GENE:RPS23	TISSUE:Cerebellum
GENE:RPS24	TISSUE:Cerebellum
GENE:RPS25	TISSUE:Cerebellum
GENE:RPS26	TISSUE:Cerebellum
GENE:RPS26P11	TISSUE:Cerebellum
GENE:RPS27	TISSUE:Cerebellum
GENE:RPS27A	TISSUE:Cerebellum
GENE:RPS27L	TISSUE:Cerebellum
GENE:RPS28	TISSUE:Cerebellum
GENE:RPS29	TISSUE:Cerebellum
GENE:RPS2P32	TISSUE:Cerebellum
GENE:RPS3	TISSUE:Cerebellum
GENE:RPS3A	TISSUE:Cerebellum
GENE:RPS4X	TISSUE:Cerebellum
GENE:RPS6	TISSUE:Cerebellum
GENE:RPS6KA2	TISSUE:Cerebellum
GENE:RPS6KB2	TISSUE:Cerebellum
GENE:RPS7	TISSUE:Cerebellum
GENE:RPS8	TISSUE:Cerebellum
GENE:RPS9	TISSUE:Cerebellum
GENE:RPSAP9	TISSUE:Cerebellum
GENE:RPUSD4	TISSUE:Cerebellum
GENE:RRAGA	TISSUE:Cerebellum
GENE:RRAGB	TISSUE:Cerebellum
GENE:RRAGC	TISSUE:Cerebellum
GENE:RRAGD	TISSUE:Cerebellum
GENE:RRM1	TISSUE:Cerebellum
GENE:RRP7B	TISSUE:Cerebellum
GENE:RSL24D1	TISSUE:Cerebellum
GENE:RSRC2	TISSUE:Cerebellum
GENE:RSU1	TISSUE:Cerebellum
GENE:RTEL1	TISSUE:Cerebellum
GENE:RTN1	TISSUE:Cerebellum
GENE:RTN3	TISSUE:Cerebellum
GENE:RTN4	TISSUE:Cerebellum
GENE:RUFY3	TISSUE:Cerebellum
GENE:RUNDC3A	TISSUE:Cerebellum
GENE:RUSC1	TISSUE:Cerebellum
GENE:RUSC2	TISSUE:Cerebellum
GENE:RWDD1	TISSUE:Cerebellum
GENE:RXRB	TISSUE:Cerebellum
GENE:S100A13	TISSUE:Cerebellum
GENE:S100PBP	TISSUE:Cerebellum
GENE:S1PR1	TISSUE:Cerebellum
GENE:SAC3D1	TISSUE:Cerebellum
GENE:SAMD15	TISSUE:Cerebellum
GENE:SAR1A	TISSUE:Cerebellum
GENE:SAR1B	TISSUE:Cerebellum
GENE:SARS	TISSUE:Cerebellum
GENE:SAT1	TISSUE:Cerebellum
GENE:SBNO1	TISSUE:Cerebellum
GENE:SC5D	TISSUE:Cerebellum
GENE:SCAF4	TISSUE:Cerebellum
GENE:SCAF8	TISSUE:Cerebellum
GENE:SCAMP1	TISSUE:Cerebellum
GENE:SCAP	TISSUE:Cerebellum
GENE:SCARB2	TISSUE:Cerebellum
GENE:SCARNA7	TISSUE:Cerebellum
GENE:SCARNA9L	TISSUE:Cerebellum
GENE:SCCPDH	TISSUE:Cerebellum
GENE:SCD	TISSUE:Cerebellum
GENE:SCD5	TISSUE:Cerebellum
GENE:SCG3	TISSUE:Cerebellum
GENE:SCG5	TISSUE:Cerebellum
GENE:SCN2A	TISSUE:Cerebellum
GENE:SCRN1	TISSUE:Cerebellum
GENE:SDCCAG8	TISSUE:Cerebellum
GENE:SDF2L1	TISSUE:Cerebellum
GENE:SDHA	TISSUE:Cerebellum
GENE:SDHAP2	TISSUE:Cerebellum
GENE:SDHC	TISSUE:Cerebellum
GENE:SDR16C5	TISSUE:Cerebellum
GENE:SEC11A	TISSUE:Cerebellum
GENE:SEC11C	TISSUE:Cerebellum
GENE:SEC14L1	TISSUE:Cerebellum
GENE:SEC22B	TISSUE:Cerebellum
GENE:SEC61G	TISSUE:Cerebellum
GENE:SEH1L	TISSUE:Cerebellum
GENE:SELT	TISSUE:Cerebellum
GENE:SEMA3E	TISSUE:Cerebellum
GENE:SENP5	TISSUE:Cerebellum
GENE:SEPN1	TISSUE:Cerebellum
GENE:SEPT2	TISSUE:Cerebellum
GENE:SEPT3	TISSUE:Cerebellum
GENE:SEPT4	TISSUE:Cerebellum
GENE:SEPT6	TISSUE:Cerebellum
GENE:SEPT7	TISSUE:Cerebellum
GENE:SEPT9	TISSUE:Cerebellum
GENE:SERBP1	TISSUE:Cerebellum
GENE:SERINC1	TISSUE:Cerebellum
GENE:SERPINB6	TISSUE:Cerebellum
GENE:SERPINB9	TISSUE:Cerebellum
GENE:SERPINE2	TISSUE:Cerebellum
GENE:SET	TISSUE:Cerebellum
GENE:SETD3	TISSUE:Cerebellum
GENE:SEZ6	TISSUE:Cerebellum
GENE:SEZ6L2	TISSUE:Cerebellum
GENE:SF3A3	TISSUE:Cerebellum
GENE:SF3B1	TISSUE:Cerebellum
GENE:SF3B2	TISSUE:Cerebellum
GENE:SF3B3	TISSUE:Cerebellum
GENE:SFPQ	TISSUE:Cerebellum
GENE:SFXN4	TISSUE:Cerebellum
GENE:SGCE	TISSUE:Cerebellum
GENE:SGK1	TISSUE:Cerebellum
GENE:SGSM1	TISSUE:Cerebellum
GENE:SGTB	TISSUE:Cerebellum
GENE:SH3GL2	TISSUE:Cerebellum
GENE:SH3PXD2A	TISSUE:Cerebellum
GENE:SH3YL1	TISSUE:Cerebellum
GENE:SHANK3	TISSUE:Cerebellum
GENE:SHCBP1	TISSUE:Cerebellum
GENE:SHFM1	TISSUE:Cerebellum
GENE:SHMT2	TISSUE:Cerebellum
GENE:SHOX	TISSUE:Cerebellum
GENE:SHPK	TISSUE:Cerebellum
GENE:SHROOM4	TISSUE:Cerebellum
GENE:SIAH1	TISSUE:Cerebellum
GENE:SIDT2	TISSUE:Cerebellum
GENE:SIKE1	TISSUE:Cerebellum
GENE:SIPA1L1	TISSUE:Cerebellum
GENE:SIRPA	TISSUE:Cerebellum
GENE:SIRT3	TISSUE:Cerebellum
GENE:SKA2	TISSUE:Cerebellum
GENE:SKI	TISSUE:Cerebellum
GENE:SKP1	TISSUE:Cerebellum
GENE:SLA2	TISSUE:Cerebellum
GENE:SLC12A2	TISSUE:Cerebellum
GENE:SLC12A5	TISSUE:Cerebellum
GENE:SLC13A3	TISSUE:Cerebellum
GENE:SLC16A1	TISSUE:Cerebellum
GENE:SLC16A12	TISSUE:Cerebellum
GENE:SLC17A5	TISSUE:Cerebellum
GENE:SLC1A3	TISSUE:Cerebellum
GENE:SLC20A1	TISSUE:Cerebellum
GENE:SLC20A2	TISSUE:Cerebellum
GENE:SLC22A17	TISSUE:Cerebellum
GENE:SLC25A3	TISSUE:Cerebellum
GENE:SLC25A4	TISSUE:Cerebellum
GENE:SLC25A43	TISSUE:Cerebellum
GENE:SLC25A44	TISSUE:Cerebellum
GENE:SLC25A5	TISSUE:Cerebellum
GENE:SLC26A4-AS1	TISSUE:Cerebellum
GENE:SLC2A1	TISSUE:Cerebellum
GENE:SLC2A3	TISSUE:Cerebellum
GENE:SLC2A4RG	TISSUE:Cerebellum
GENE:SLC30A6	TISSUE:Cerebellum
GENE:SLC30A9	TISSUE:Cerebellum
GENE:SLC35A1	TISSUE:Cerebellum
GENE:SLC35C2	TISSUE:Cerebellum
GENE:SLC35E1	TISSUE:Cerebellum
GENE:SLC38A1	TISSUE:Cerebellum
GENE:SLC38A2	TISSUE:Cerebellum
GENE:SLC39A7	TISSUE:Cerebellum
GENE:SLC41A3	TISSUE:Cerebellum
GENE:SLC43A1	TISSUE:Cerebellum
GENE:SLC44A4	TISSUE:Cerebellum
GENE:SLC4A5	TISSUE:Cerebellum
GENE:SLC7A5P2	TISSUE:Cerebellum
GENE:SLC9A4	TISSUE:Cerebellum
GENE:SLFNL1-AS1	TISSUE:Cerebellum
GENE:SLTM	TISSUE:Cerebellum
GENE:SMAP2	TISSUE:Cerebellum
GENE:SMARCA2	TISSUE:Cerebellum
GENE:SMARCA4	TISSUE:Cerebellum
GENE:SMARCA5	TISSUE:Cerebellum
GENE:SMC1A	TISSUE:Cerebellum
GENE:SMC3	TISSUE:Cerebellum
GENE:SMCR5	TISSUE:Cerebellum
GENE:SMG7	TISSUE:Cerebellum
GENE:SMIM14	TISSUE:Cerebellum
GENE:SMU1	TISSUE:Cerebellum
GENE:SNAP25	TISSUE:Cerebellum
GENE:SNAP91	TISSUE:Cerebellum
GENE:SNAPC1	TISSUE:Cerebellum
GENE:SNAPC3	TISSUE:Cerebellum
GENE:SNAPIN	TISSUE:Cerebellum
GENE:SNF8	TISSUE:Cerebellum
GENE:SNHG1	TISSUE:Cerebellum
GENE:SNHG10	TISSUE:Cerebellum
GENE:SNHG3	TISSUE:Cerebellum
GENE:SNHG5	TISSUE:Cerebellum
GENE:SNHG6	TISSUE:Cerebellum
GENE:SNORD116-4	TISSUE:Cerebellum
GENE:SNORD13	TISSUE:Cerebellum
GENE:SNORD46	TISSUE:Cerebellum
GENE:SNORD48	TISSUE:Cerebellum
GENE:SNORD57	TISSUE:Cerebellum
GENE:SNORD67	TISSUE:Cerebellum
GENE:SNORD89	TISSUE:Cerebellum
GENE:SNORD99	TISSUE:Cerebellum
GENE:SNRK	TISSUE:Cerebellum
GENE:SNRNP200	TISSUE:Cerebellum
GENE:SNRNP35	TISSUE:Cerebellum
GENE:SNRNP48	TISSUE:Cerebellum
GENE:SNRNP70	TISSUE:Cerebellum
GENE:SNRPD2	TISSUE:Cerebellum
GENE:SNRPG	TISSUE:Cerebellum
GENE:SNTN	TISSUE:Cerebellum
GENE:SNURF	TISSUE:Cerebellum
GENE:SNX22	TISSUE:Cerebellum
GENE:SNX27	TISSUE:Cerebellum
GENE:SOCS5	TISSUE:Cerebellum
GENE:SOD1	TISSUE:Cerebellum
GENE:SON	TISSUE:Cerebellum
GENE:SORBS1	TISSUE:Cerebellum
GENE:SP3	TISSUE:Cerebellum
GENE:SPAG16	TISSUE:Cerebellum
GENE:SPAG9	TISSUE:Cerebellum
GENE:SPARCL1	TISSUE:Cerebellum
GENE:SPC25	TISSUE:Cerebellum
GENE:SPCS1	TISSUE:Cerebellum
GENE:SPCS2	TISSUE:Cerebellum
GENE:SPCS3	TISSUE:Cerebellum
GENE:SPDYE6	TISSUE:Cerebellum
GENE:SPDYE7P	TISSUE:Cerebellum
GENE:SPEG	TISSUE:Cerebellum
GENE:SPEN	TISSUE:Cerebellum
GENE:SPINT2	TISSUE:Cerebellum
GENE:SPIRE1	TISSUE:Cerebellum
GENE:SPN	TISSUE:Cerebellum
GENE:SPOCK1	TISSUE:Cerebellum
GENE:SPOCK2	TISSUE:Cerebellum
GENE:SPOP	TISSUE:Cerebellum
GENE:SPRY2	TISSUE:Cerebellum
GENE:SPSB3	TISSUE:Cerebellum
GENE:SPTAN1	TISSUE:Cerebellum
GENE:SPTBN1	TISSUE:Cerebellum
GENE:SPTLC1	TISSUE:Cerebellum
GENE:SQSTM1	TISSUE:Cerebellum
GENE:SREK1	TISSUE:Cerebellum
GENE:SRF	TISSUE:Cerebellum
GENE:SRGAP2B	TISSUE:Cerebellum
GENE:SRP14	TISSUE:Cerebellum
GENE:SRP9	TISSUE:Cerebellum
GENE:SRPRB	TISSUE:Cerebellum
GENE:SRRM1	TISSUE:Cerebellum
GENE:SRRM2	TISSUE:Cerebellum
GENE:SRRT	TISSUE:Cerebellum
GENE:SRSF1	TISSUE:Cerebellum
GENE:SRSF2	TISSUE:Cerebellum
GENE:SRSF5	TISSUE:Cerebellum
GENE:SRSF6	TISSUE:Cerebellum
GENE:SS18	TISSUE:Cerebellum
GENE:SS18L1	TISSUE:Cerebellum
GENE:SS18L2	TISSUE:Cerebellum
GENE:SSB	TISSUE:Cerebellum
GENE:SSBP1	TISSUE:Cerebellum
GENE:SSH2	TISSUE:Cerebellum
GENE:SSR1	TISSUE:Cerebellum
GENE:SSTR2	TISSUE:Cerebellum
GENE:SSU72	TISSUE:Cerebellum
GENE:ST13	TISSUE:Cerebellum
GENE:ST13P4	TISSUE:Cerebellum
GENE:ST20	TISSUE:Cerebellum
GENE:ST3GAL6	TISSUE:Cerebellum
GENE:STAG3L5P-PVRIG2P-PILRB	TISSUE:Cerebellum
GENE:STAP2	TISSUE:Cerebellum
GENE:STAR	TISSUE:Cerebellum
GENE:STARD7	TISSUE:Cerebellum
GENE:STAT2	TISSUE:Cerebellum
GENE:STAT5B	TISSUE:Cerebellum
GENE:STAU1	TISSUE:Cerebellum
GENE:STAU2-AS1	TISSUE:Cerebellum
GENE:STEAP3	TISSUE:Cerebellum
GENE:STK36	TISSUE:Cerebellum
GENE:STK4	TISSUE:Cerebellum
GENE:STMN2	TISSUE:Cerebellum
GENE:STMN3	TISSUE:Cerebellum
GENE:STMN4	TISSUE:Cerebellum
GENE:STRAP	TISSUE:Cerebellum
GENE:STRIP1	TISSUE:Cerebellum
GENE:STRIP2	TISSUE:Cerebellum
GENE:STX16	TISSUE:Cerebellum
GENE:STXBP1	TISSUE:Cerebellum
GENE:SUFU	TISSUE:Cerebellum
GENE:SUGP2	TISSUE:Cerebellum
GENE:SUGT1P1	TISSUE:Cerebellum
GENE:SULT1A1	TISSUE:Cerebellum
GENE:SUMF2	TISSUE:Cerebellum
GENE:SUMO1	TISSUE:Cerebellum
GENE:SUMO1P3	TISSUE:Cerebellum
GENE:SUMO2	TISSUE:Cerebellum
GENE:SUMO3	TISSUE:Cerebellum
GENE:SUN2	TISSUE:Cerebellum
GENE:SUOX	TISSUE:Cerebellum
GENE:SUV420H1	TISSUE:Cerebellum
GENE:SUZ12	TISSUE:Cerebellum
GENE:SUZ12P1	TISSUE:Cerebellum
GENE:SVOP	TISSUE:Cerebellum
GENE:SYAP1	TISSUE:Cerebellum
GENE:SYF2	TISSUE:Cerebellum
GENE:SYN1	TISSUE:Cerebellum
GENE:SYNC	TISSUE:Cerebellum
GENE:SYNE1	TISSUE:Cerebellum
GENE:SYNGR1	TISSUE:Cerebellum
GENE:SYNGR2	TISSUE:Cerebellum
GENE:SYNJ2BP	TISSUE:Cerebellum
GENE:SYT11	TISSUE:Cerebellum
GENE:SYT2	TISSUE:Cerebellum
GENE:SYT4	TISSUE:Cerebellum
GENE:TAF11	TISSUE:Cerebellum
GENE:TAF13	TISSUE:Cerebellum
GENE:TAF15	TISSUE:Cerebellum
GENE:TAF1D	TISSUE:Cerebellum
GENE:TAF7	TISSUE:Cerebellum
GENE:TAF8	TISSUE:Cerebellum
GENE:TAGLN3	TISSUE:Cerebellum
GENE:TARDBP	TISSUE:Cerebellum
GENE:TATDN1	TISSUE:Cerebellum
GENE:TBC1D32	TISSUE:Cerebellum
GENE:TBCA	TISSUE:Cerebellum
GENE:TBCB	TISSUE:Cerebellum
GENE:TBCCD1	TISSUE:Cerebellum
GENE:TCEA1	TISSUE:Cerebellum
GENE:TCEAL2	TISSUE:Cerebellum
GENE:TCEAL3	TISSUE:Cerebellum
GENE:TCEAL4	TISSUE:Cerebellum
GENE:TCEB1	TISSUE:Cerebellum
GENE:TCEB2	TISSUE:Cerebellum
GENE:TCF25	TISSUE:Cerebellum
GENE:TCF4	TISSUE:Cerebellum
GENE:TCP1	TISSUE:Cerebellum
GENE:TDP1	TISSUE:Cerebellum
GENE:TDRD1	TISSUE:Cerebellum
GENE:TEF	TISSUE:Cerebellum
GENE:TERF1	TISSUE:Cerebellum
GENE:TERF2IP	TISSUE:Cerebellum
GENE:TES	TISSUE:Cerebellum
GENE:TEX11	TISSUE:Cerebellum
GENE:TFAMP1	TISSUE:Cerebellum
GENE:TFDP1	TISSUE:Cerebellum
GENE:TFIP11	TISSUE:Cerebellum
GENE:TGOLN2	TISSUE:Cerebellum
GENE:TGS1	TISSUE:Cerebellum
GENE:THOC1	TISSUE:Cerebellum
GENE:THRA	TISSUE:Cerebellum
GENE:TIA1	TISSUE:Cerebellum
GENE:TIAL1	TISSUE:Cerebellum
GENE:TIAM1	TISSUE:Cerebellum
GENE:TIGD1	TISSUE:Cerebellum
GENE:TIMM21	TISSUE:Cerebellum
GENE:TIMM23	TISSUE:Cerebellum
GENE:TJP1	TISSUE:Cerebellum
GENE:TLE4	TISSUE:Cerebellum
GENE:TLK2	TISSUE:Cerebellum
GENE:TLL2	TISSUE:Cerebellum
GENE:TM4SF1	TISSUE:Cerebellum
GENE:TMA7	TISSUE:Cerebellum
GENE:TMBIM6	TISSUE:Cerebellum
GENE:TMEM106A	TISSUE:Cerebellum
GENE:TMEM106C	TISSUE:Cerebellum
GENE:TMEM123	TISSUE:Cerebellum
GENE:TMEM156	TISSUE:Cerebellum
GENE:TMEM159	TISSUE:Cerebellum
GENE:TMEM17	TISSUE:Cerebellum
GENE:TMEM178A	TISSUE:Cerebellum
GENE:TMEM191A	TISSUE:Cerebellum
GENE:TMEM2	TISSUE:Cerebellum
GENE:TMEM212	TISSUE:Cerebellum
GENE:TMEM30A	TISSUE:Cerebellum
GENE:TMEM38A	TISSUE:Cerebellum
GENE:TMEM41B	TISSUE:Cerebellum
GENE:TMEM59	TISSUE:Cerebellum
GENE:TMEM59L	TISSUE:Cerebellum
GENE:TMEM66	TISSUE:Cerebellum
GENE:TMEM69	TISSUE:Cerebellum
GENE:TMEM70	TISSUE:Cerebellum
GENE:TMEM87A	TISSUE:Cerebellum
GENE:TMF1	TISSUE:Cerebellum
GENE:TMOD1	TISSUE:Cerebellum
GENE:TMOD2	TISSUE:Cerebellum
GENE:TMPRSS11BNL	TISSUE:Cerebellum
GENE:TMSB10	TISSUE:Cerebellum
GENE:TMSB4X	TISSUE:Cerebellum
GENE:TNFAIP8L1	TISSUE:Cerebellum
GENE:TNFRSF9	TISSUE:Cerebellum
GENE:TNFSF14	TISSUE:Cerebellum
GENE:TNFSF15	TISSUE:Cerebellum
GENE:TNK2	TISSUE:Cerebellum
GENE:TNPO2	TISSUE:Cerebellum
GENE:TNRC6B	TISSUE:Cerebellum
GENE:TOMM20	TISSUE:Cerebellum
GENE:TOMM7	TISSUE:Cerebellum
GENE:TOP3A	TISSUE:Cerebellum
GENE:TP53BP2	TISSUE:Cerebellum
GENE:TPD52L2	TISSUE:Cerebellum
GENE:TPI1	TISSUE:Cerebellum
GENE:TPM1	TISSUE:Cerebellum
GENE:TPM2	TISSUE:Cerebellum
GENE:TPM3	TISSUE:Cerebellum
GENE:TPM3P9	TISSUE:Cerebellum
GENE:TPR	TISSUE:Cerebellum
GENE:TPRG1L	TISSUE:Cerebellum
GENE:TPT1	TISSUE:Cerebellum
GENE:TRA2A	TISSUE:Cerebellum
GENE:TRABD	TISSUE:Cerebellum
GENE:TRAK2	TISSUE:Cerebellum
GENE:TRAPPC3	TISSUE:Cerebellum
GENE:TRAPPC6A	TISSUE:Cerebellum
GENE:TRAPPC6B	TISSUE:Cerebellum
GENE:TRIM13	TISSUE:Cerebellum
GENE:TRIM16L	TISSUE:Cerebellum
GENE:TRIM2	TISSUE:Cerebellum
GENE:TRIM23	TISSUE:Cerebellum
GENE:TRIM34	TISSUE:Cerebellum
GENE:TRIM4	TISSUE:Cerebellum
GENE:TRIM41	TISSUE:Cerebellum
GENE:TRIM44	TISSUE:Cerebellum
GENE:TRIM9	TISSUE:Cerebellum
GENE:TROVE2	TISSUE:Cerebellum
GENE:TSC1	TISSUE:Cerebellum
GENE:TSC22D1	TISSUE:Cerebellum
GENE:TSC22D2	TISSUE:Cerebellum
GENE:TSC22D3	TISSUE:Cerebellum
GENE:TSN	TISSUE:Cerebellum
GENE:TSPAN7	TISSUE:Cerebellum
GENE:TSPAN9	TISSUE:Cerebellum
GENE:TSPYL1	TISSUE:Cerebellum
GENE:TSPYL2	TISSUE:Cerebellum
GENE:TSR2	TISSUE:Cerebellum
GENE:TTC14	TISSUE:Cerebellum
GENE:TTC21B	TISSUE:Cerebellum
GENE:TTC3	TISSUE:Cerebellum
GENE:TTI1	TISSUE:Cerebellum
GENE:TUBA1A	TISSUE:Cerebellum
GENE:TUBA1B	TISSUE:Cerebellum
GENE:TUBA1C	TISSUE:Cerebellum
GENE:TUBA3FP	TISSUE:Cerebellum
GENE:TUBA4A	TISSUE:Cerebellum
GENE:TUBB2A	TISSUE:Cerebellum
GENE:TUBB2B	TISSUE:Cerebellum
GENE:TUBB4A	TISSUE:Cerebellum
GENE:TUBB8	TISSUE:Cerebellum
GENE:TUBBP5	TISSUE:Cerebellum
GENE:TUFT1	TISSUE:Cerebellum
GENE:TUG1	TISSUE:Cerebellum
GENE:TULP4	TISSUE:Cerebellum
GENE:TXLNG	TISSUE:Cerebellum
GENE:TXLNG2P	TISSUE:Cerebellum
GENE:TXNIP	TISSUE:Cerebellum
GENE:TYK2	TISSUE:Cerebellum
GENE:TYRO3	TISSUE:Cerebellum
GENE:U2SURP	TISSUE:Cerebellum
GENE:UBA1	TISSUE:Cerebellum
GENE:UBA52	TISSUE:Cerebellum
GENE:UBAC1	TISSUE:Cerebellum
GENE:UBAP2L	TISSUE:Cerebellum
GENE:UBB	TISSUE:Cerebellum
GENE:UBC	TISSUE:Cerebellum
GENE:UBE2D3	TISSUE:Cerebellum
GENE:UBE2E1	TISSUE:Cerebellum
GENE:UBE2G2	TISSUE:Cerebellum
GENE:UBE2H	TISSUE:Cerebellum
GENE:UBE2V1	TISSUE:Cerebellum
GENE:UBE3A	TISSUE:Cerebellum
GENE:UBE4A	TISSUE:Cerebellum
GENE:UBE4B	TISSUE:Cerebellum
GENE:UBL5	TISSUE:Cerebellum
GENE:UBN1	TISSUE:Cerebellum
GENE:UBP1	TISSUE:Cerebellum
GENE:UBQLN1	TISSUE:Cerebellum
GENE:UBR4	TISSUE:Cerebellum
GENE:UBXN2A	TISSUE:Cerebellum
GENE:UBXN4	TISSUE:Cerebellum
GENE:UCA1	TISSUE:Cerebellum
GENE:UCHL1	TISSUE:Cerebellum
GENE:UFM1	TISSUE:Cerebellum
GENE:UHMK1	TISSUE:Cerebellum
GENE:UNC13C	TISSUE:Cerebellum
GENE:UNC45A	TISSUE:Cerebellum
GENE:UNC50	TISSUE:Cerebellum
GENE:UNC5A	TISSUE:Cerebellum
GENE:UNC79	TISSUE:Cerebellum
GENE:UNK	TISSUE:Cerebellum
GENE:UPF2	TISSUE:Cerebellum
GENE:UPF3B	TISSUE:Cerebellum
GENE:UQCRBP1	TISSUE:Cerebellum
GENE:UQCRH	TISSUE:Cerebellum
GENE:UQCRHL	TISSUE:Cerebellum
GENE:URB1	TISSUE:Cerebellum
GENE:URGCP	TISSUE:Cerebellum
GENE:URI1	TISSUE:Cerebellum
GENE:UROD	TISSUE:Cerebellum
GENE:USF2	TISSUE:Cerebellum
GENE:USP24	TISSUE:Cerebellum
GENE:USP3	TISSUE:Cerebellum
GENE:USP32P1	TISSUE:Cerebellum
GENE:USP48	TISSUE:Cerebellum
GENE:USP49	TISSUE:Cerebellum
GENE:USP7	TISSUE:Cerebellum
GENE:UTP20	TISSUE:Cerebellum
GENE:UTP6	TISSUE:Cerebellum
GENE:UTY	TISSUE:Cerebellum
GENE:VAMP1	TISSUE:Cerebellum
GENE:VAPB	TISSUE:Cerebellum
GENE:VDAC1	TISSUE:Cerebellum
GENE:VDAC3	TISSUE:Cerebellum
GENE:VEZF1	TISSUE:Cerebellum
GENE:VN1R10P	TISSUE:Cerebellum
GENE:VPS13A	TISSUE:Cerebellum
GENE:VPS13B	TISSUE:Cerebellum
GENE:VPS13C	TISSUE:Cerebellum
GENE:VPS16	TISSUE:Cerebellum
GENE:VPS29	TISSUE:Cerebellum
GENE:VPS37C	TISSUE:Cerebellum
GENE:VPS41	TISSUE:Cerebellum
GENE:VPS53	TISSUE:Cerebellum
GENE:VSNL1	TISSUE:Cerebellum
GENE:VSTM4	TISSUE:Cerebellum
GENE:WAC	TISSUE:Cerebellum
GENE:WASF3	TISSUE:Cerebellum
GENE:WASH1	TISSUE:Cerebellum
GENE:WBP2	TISSUE:Cerebellum
GENE:WBSCR22	TISSUE:Cerebellum
GENE:WDFY1	TISSUE:Cerebellum
GENE:WDR1	TISSUE:Cerebellum
GENE:WDR20	TISSUE:Cerebellum
GENE:WDR26	TISSUE:Cerebellum
GENE:WDR47	TISSUE:Cerebellum
GENE:WDR5B	TISSUE:Cerebellum
GENE:WDR6	TISSUE:Cerebellum
GENE:WDR74	TISSUE:Cerebellum
GENE:WHAMM	TISSUE:Cerebellum
GENE:WNK1	TISSUE:Cerebellum
GENE:WRNIP1	TISSUE:Cerebellum
GENE:WSB1	TISSUE:Cerebellum
GENE:WSB2	TISSUE:Cerebellum
GENE:WTAP	TISSUE:Cerebellum
GENE:XAF1	TISSUE:Cerebellum
GENE:XCR1	TISSUE:Cerebellum
GENE:XKR6	TISSUE:Cerebellum
GENE:XPNPEP3	TISSUE:Cerebellum
GENE:XRCC2	TISSUE:Cerebellum
GENE:YAF2	TISSUE:Cerebellum
GENE:YARS	TISSUE:Cerebellum
GENE:YBX1	TISSUE:Cerebellum
GENE:YIPF6	TISSUE:Cerebellum
GENE:YKT6	TISSUE:Cerebellum
GENE:YPEL1	TISSUE:Cerebellum
GENE:YRDC	TISSUE:Cerebellum
GENE:YTHDC1	TISSUE:Cerebellum
GENE:YTHDF1	TISSUE:Cerebellum
GENE:YWHAB	TISSUE:Cerebellum
GENE:YWHAE	TISSUE:Cerebellum
GENE:YWHAEP1	TISSUE:Cerebellum
GENE:YWHAG	TISSUE:Cerebellum
GENE:YWHAH	TISSUE:Cerebellum
GENE:YWHAQ	TISSUE:Cerebellum
GENE:YWHAZ	TISSUE:Cerebellum
GENE:YY1AP1	TISSUE:Cerebellum
GENE:ZBTB20	TISSUE:Cerebellum
GENE:ZBTB4	TISSUE:Cerebellum
GENE:ZC3H11A	TISSUE:Cerebellum
GENE:ZC3H14	TISSUE:Cerebellum
GENE:ZC3HAV1L	TISSUE:Cerebellum
GENE:ZDHHC11	TISSUE:Cerebellum
GENE:ZDHHC2	TISSUE:Cerebellum
GENE:ZFAND5	TISSUE:Cerebellum
GENE:ZFP91	TISSUE:Cerebellum
GENE:ZHX3	TISSUE:Cerebellum
GENE:ZIC2	TISSUE:Cerebellum
GENE:ZIC3	TISSUE:Cerebellum
GENE:ZKSCAN8	TISSUE:Cerebellum
GENE:ZMAT2	TISSUE:Cerebellum
GENE:ZMAT3	TISSUE:Cerebellum
GENE:ZMAT5	TISSUE:Cerebellum
GENE:ZMIZ1	TISSUE:Cerebellum
GENE:ZMYM2	TISSUE:Cerebellum
GENE:ZMYM6	TISSUE:Cerebellum
GENE:ZMYND11	TISSUE:Cerebellum
GENE:ZNF106	TISSUE:Cerebellum
GENE:ZNF14	TISSUE:Cerebellum
GENE:ZNF146	TISSUE:Cerebellum
GENE:ZNF182	TISSUE:Cerebellum
GENE:ZNF207	TISSUE:Cerebellum
GENE:ZNF22	TISSUE:Cerebellum
GENE:ZNF223	TISSUE:Cerebellum
GENE:ZNF254	TISSUE:Cerebellum
GENE:ZNF257	TISSUE:Cerebellum
GENE:ZNF266	TISSUE:Cerebellum
GENE:ZNF268	TISSUE:Cerebellum
GENE:ZNF273	TISSUE:Cerebellum
GENE:ZNF292	TISSUE:Cerebellum
GENE:ZNF302	TISSUE:Cerebellum
GENE:ZNF320	TISSUE:Cerebellum
GENE:ZNF322	TISSUE:Cerebellum
GENE:ZNF337	TISSUE:Cerebellum
GENE:ZNF33A	TISSUE:Cerebellum
GENE:ZNF33B	TISSUE:Cerebellum
GENE:ZNF358	TISSUE:Cerebellum
GENE:ZNF37A	TISSUE:Cerebellum
GENE:ZNF394	TISSUE:Cerebellum
GENE:ZNF428	TISSUE:Cerebellum
GENE:ZNF43	TISSUE:Cerebellum
GENE:ZNF430	TISSUE:Cerebellum
GENE:ZNF440	TISSUE:Cerebellum
GENE:ZNF461	TISSUE:Cerebellum
GENE:ZNF471	TISSUE:Cerebellum
GENE:ZNF473	TISSUE:Cerebellum
GENE:ZNF483	TISSUE:Cerebellum
GENE:ZNF493	TISSUE:Cerebellum
GENE:ZNF506	TISSUE:Cerebellum
GENE:ZNF528	TISSUE:Cerebellum
GENE:ZNF540	TISSUE:Cerebellum
GENE:ZNF549	TISSUE:Cerebellum
GENE:ZNF554	TISSUE:Cerebellum
GENE:ZNF555	TISSUE:Cerebellum
GENE:ZNF557	TISSUE:Cerebellum
GENE:ZNF563	TISSUE:Cerebellum
GENE:ZNF568	TISSUE:Cerebellum
GENE:ZNF577	TISSUE:Cerebellum
GENE:ZNF578	TISSUE:Cerebellum
GENE:ZNF587	TISSUE:Cerebellum
GENE:ZNF594	TISSUE:Cerebellum
GENE:ZNF595	TISSUE:Cerebellum
GENE:ZNF613	TISSUE:Cerebellum
GENE:ZNF626	TISSUE:Cerebellum
GENE:ZNF638	TISSUE:Cerebellum
GENE:ZNF644	TISSUE:Cerebellum
GENE:ZNF652	TISSUE:Cerebellum
GENE:ZNF667-AS1	TISSUE:Cerebellum
GENE:ZNF669	TISSUE:Cerebellum
GENE:ZNF674	TISSUE:Cerebellum
GENE:ZNF679	TISSUE:Cerebellum
GENE:ZNF680	TISSUE:Cerebellum
GENE:ZNF681	TISSUE:Cerebellum
GENE:ZNF682	TISSUE:Cerebellum
GENE:ZNF69	TISSUE:Cerebellum
GENE:ZNF706	TISSUE:Cerebellum
GENE:ZNF716	TISSUE:Cerebellum
GENE:ZNF735	TISSUE:Cerebellum
GENE:ZNF736	TISSUE:Cerebellum
GENE:ZNF738	TISSUE:Cerebellum
GENE:ZNF765	TISSUE:Cerebellum
GENE:ZNF773	TISSUE:Cerebellum
GENE:ZNF785	TISSUE:Cerebellum
GENE:ZNF786	TISSUE:Cerebellum
GENE:ZNF789	TISSUE:Cerebellum
GENE:ZNF8	TISSUE:Cerebellum
GENE:ZNF830	TISSUE:Cerebellum
GENE:ZNF850	TISSUE:Cerebellum
GENE:ZNF860	TISSUE:Cerebellum
GENE:ZNF876P	TISSUE:Cerebellum
GENE:ZNF91	TISSUE:Cerebellum
GENE:ZNHIT3	TISSUE:Cerebellum
GENE:ZRANB1	TISSUE:Cerebellum
GENE:ZRANB2	TISSUE:Cerebellum
GENE:ZRSR2	TISSUE:Cerebellum
GENE:ZSCAN12P1	TISSUE:Cerebellum
GENE:ZYG11B	TISSUE:Cerebellum
